,Brand,Model,Ram,Rom,Processor,Price Category,Processor Type,Rom Type,Price  (₹),Website
0,Lenovo,Lenovo DFIN Yoga Slim 7 Laptop ,16GB,512GB SSD,11th Gen Intel Core i5,High End Laptop,Intel,Solid State Drive,81999,RelianceDigital.com
1,Dell,Dell 3400 Vostro 14 Laptop ,4GB,1TB HDD + 256GB SSD,11th Gen Intel Core i3,Budget Laptop,Intel,Hard Disk Drive & Solid State Drive,45999,RelianceDigital.com
2,Asus,Asus KG512S Laptop ,16GB,512GB SSD,AMD Ryzen 5,Mid Range Laptop,AMD,Solid State Drive,67999,RelianceDigital.com
3,Asus,Asus KG711TS Laptop ,16GB,1TB SSD,AMD Ryzen 7,High End Laptop,AMD,Solid State Drive,72499,RelianceDigital.com
4,Microsoft,Microsoft 5UI-00023 Surface 4 Laptop ,8GB,256GB SSD,AMD Ryzen 7,High End Laptop,AMD,Solid State Drive,130990,RelianceDigital.com
5,Microsoft,Microsoft 5PB-00023 Surface 4 Laptop ,8GB,256GB SSD,AMD Ryzen 5,High End Laptop,AMD,Solid State Drive,99990,RelianceDigital.com
6,Dell,Dell 3515 Inspiron 15 Standard Laptop ,8GB,256GB SSD,AMD Ryzen 3,Budget Laptop,AMD,Solid State Drive,38999,RelianceDigital.com
7,Dell,Dell 3515 Inspiron 15 Standard Laptop ,8GB,512GB SSD,AMD Ryzen 3,Budget Laptop,AMD,Solid State Drive,42999,RelianceDigital.com
8,Dell,Dell 3511 Inspiron 15 Standard Laptop ,8GB,1TB HDD,11th Gen Intel Core i3,Budget Laptop,Intel,Hard Disk Drive,40999,RelianceDigital.com
9,Dell,Dell 3405 Vostro 14 Laptop ,8GB,256GB SSD,AMD Ryzen 5,Budget Laptop,AMD,Solid State Drive,45799,RelianceDigital.com
10,Dell,Dell 3511 Inspiron 15 Standard Laptop ,8GB,512GB SSD,11th Gen Intel Core i5,Mid Range Laptop,Intel,Solid State Drive,58999,RelianceDigital.com
11,Dell,Dell 3511 Inspiron 15 Laptop ,8GB,1TB HDD + 256GB SSD,11th Gen Intel Core i5,Mid Range Laptop,Intel,Hard Disk Drive & Solid State Drive,63499,RelianceDigital.com
12,Lenovo,Lenovo 13IN IdeaPad 3i Laptop ,4GB,256GB SSD,10th Gen Intel Core i3,Budget Laptop,Intel,Solid State Drive,31999,RelianceDigital.com
13,Lenovo,Lenovo 2EIN IdeaPad 3i Laptop ,8GB,256GB SSD,10th Gen Intel Core i3,Budget Laptop,Intel,Solid State Drive,32999,RelianceDigital.com
14,HP,HP Envy x360 E13-AY0508AU Convertible Laptop ,16GB,1TB SSD,AMD Ryzen 7,High End Laptop,AMD,Solid State Drive,91999,RelianceDigital.com
15,HP,HP Envy 13-ba1501TX Laptop ,16GB,512GB SSD,Intel Core i5,High End Laptop,Intel,Solid State Drive,77999,RelianceDigital.com
16,HP,HP Pavilion 15-DK2076TX Gaming Laptop ,16GB,512GB SSD,Intel Core i7,High End Laptop,Intel,Solid State Drive,90999,RelianceDigital.com
17,Lenovo,Lenovo 2EHA IdeaPad Slim 3i Laptop ,4GB,64GB eMMC 5.1,Intel Celeron,Budget Laptop,Intel,Embedded Multimedia Card,16999,RelianceDigital.com
18,Lenovo,Lenovo 12HA IdeaPad Flex 3i Laptop ,4GB,128GB eMMC 5.1,Intel Celeron,Budget Laptop,Intel,Embedded Multimedia Card,23499,RelianceDigital.com
19,Lenovo,Lenovo DGIN IdeaPad Slim 3i Laptop ,8GB,256GB SSD,Intel Core i5,Budget Laptop,Intel,Solid State Drive,46999,RelianceDigital.com
20,HP,HP Pavilion 14-EC0000AX Laptop ,16GB,512GB SSD,AMD Ryzen 5,Mid Range Laptop,AMD,Solid State Drive,62999,RelianceDigital.com
21,Acer,Acer NX.A1GSI.00D Aspire 5 Laptop ,8GB,512GB SSD,Intel Core i5,Mid Range Laptop,Intel,Solid State Drive,53999,RelianceDigital.com
22,HP,HP Pavilion 14-EC0033AU Laptop ,8GB,512GB SSD,AMD Ryzen 5,Mid Range Laptop,AMD,Solid State Drive,58999,RelianceDigital.com
23,HP,HP 33.78 cm ,16GB,16 GB,Intel Core i7,High End Laptop,Intel,Solid State Drive,161999,RelianceDigital.com
24,HP,HP 16d0351TX Victus Gaming Laptop ,16GB,512GB SSD,11th Gen Intel Core i5,High End Laptop,Intel,Solid State Drive,87999,RelianceDigital.com
25,HP,HP 16d0360TX Victus Gaming Laptop ,16GB,512GB SSD,11th Gen Intel Core i7,High End Laptop,Intel,Solid State Drive,108999,RelianceDigital.com
26,Lenovo,Lenovo 4DIN Ideapad Gaming 3i Laptop ,8GB,512GB SSD,11th Gen Intel Core i5,High End Laptop,Intel,Solid State Drive,73999,RelianceDigital.com
27,HP,HP 13-BE0030AU Pavilion Aero Laptop ,16GB,512GB SSD,AMD Ryzen 5,Mid Range Laptop,AMD,Solid State Drive,65999,RelianceDigital.com
28,Asus,Asus HN272T TUF F15 Gaming Laptop ,8GB,512GB SSD,10th Gen Intel Core i5,Mid Range Laptop,Intel,Solid State Drive,63990,RelianceDigital.com
29,Lenovo,Lenovo G0IN IdeaPad 3i Laptop ,8GB,512GB SSD,11th Gen Intel Core i3,Budget Laptop,Intel,Solid State Drive,39499,RelianceDigital.com
30,Dell,Dell 3400 Vostro Laptop ,8GB,1TB HDD + 256GB SSD,11th Gen Intel Core i5,Mid Range Laptop,Intel,Hard Disk Drive & Solid State Drive,57999,RelianceDigital.com
31,Dell,Dell 9310 XPS Laptop ,8GB,512GB SSD,11th Gen Intel Core i5,High End Laptop,Intel,Solid State Drive,140999,RelianceDigital.com
32,HP,HP 15S-GR0012AU Laptop ,8GB,1TB HDD + 256GB SSD,AMD Ryzen 3,Budget Laptop,AMD,Hard Disk Drive & Solid State Drive,41499,RelianceDigital.com
33,AVITA,AVITA Liber V14 A8INF561-GB Laptop ,8GB,512GB SSD,10th Gen Intel Core i5,Budget Laptop,Intel,Solid State Drive,46999,RelianceDigital.com
34,AVITA,AVITA Liber V14 A8INF562-CS Laptop ,8GB,512GB SSD,10th Gen Intel Core i5,Budget Laptop,Intel,Solid State Drive,46999,RelianceDigital.com
35,Dell,Dell 3501 Inspiron Laptop ,8GB,1TB HDD + 256GB SSD,11th Gen Intel Core i5,Mid Range Laptop,Intel,Hard Disk Drive & Solid State Drive,57999,RelianceDigital.com
36,Dell,Dell 3501 Inspiron Laptop ,8GB,1TB HDD + 256GB SSD,11th Gen Intel Core i5,Mid Range Laptop,Intel,Hard Disk Drive & Solid State Drive,64999,RelianceDigital.com
37,HP,HP 15s-fq2071TU Laptop ,8GB,512GB SSD + 32GB Intel Optane Memory,11th Gen Intel Core i5,Mid Range Laptop,Intel,Solid State Drive & Intel Optane Memory,57999,RelianceDigital.com
38,Lenovo,Lenovo E0IN Yoga 7 Convertible Laptop ,16GB,512GB SSD,11th Gen Intel Core i7,High End Laptop,Intel,Solid State Drive,98999,RelianceDigital.com
39,Lenovo,Lenovo CTIN Yoga 7 Convertible Laptop ,16GB,512GB SSD,11th Gen Intel Core i5,High End Laptop,Intel,Solid State Drive,81990,RelianceDigital.com
40,Dell,Dell 5310 Inspiron 13 Laptop ,8GB,512GB SSD,11th Gen Intel Core i5,Mid Range Laptop,Intel,Solid State Drive,65499,RelianceDigital.com
41,Lenovo,Lenovo CVIN IdeaPad Slim 3i Laptop ,8GB,512GB SSD,11th Gen Intel Core i5,Mid Range Laptop,Intel,Solid State Drive,61190,RelianceDigital.com
42,Lenovo,Lenovo P2IN Legion 5 Gaming Laptop ,8GB,512GB SSD,10th Gen Intel Core i5,High End Laptop,Intel,Solid State Drive,71490,RelianceDigital.com
43,Asus,Asus HQ008TS ROG Strix G15 ,16GB,1TB SSD,AMD Ryzen 9,High End Laptop,AMD,Solid State Drive,154999,RelianceDigital.com
44,Asus,Asus BQ562TS Laptop ,8GB,512GB SSD + 32GB Intel Optane Memory,11th Gen Intel Core i5,Budget Laptop,Intel,Solid State Drive & Intel Optane Memory,49999,RelianceDigital.com
45,Asus,Asus EB562TS Laptop ,8GB,512GB SSD + 32GB Intel Optane Memory,11th Gen Intel Core i5,Mid Range Laptop,Intel,Solid State Drive & Intel Optane Memory,52999,RelianceDigital.com
46,Asus,Asus BV301TS Laptop ,4GB,1TB HDD,10th Gen Intel Core i3,Budget Laptop,Intel,Hard Disk Drive,26999,RelianceDigital.com
47,Asus,Asus K2066TS ROG Zephyrus G14 Gaming Laptop ,8GB,1TB SSD,AMD Ryzen 7,High End Laptop,AMD,Solid State Drive,72999,RelianceDigital.com
48,Lenovo,Lenovo W6IN IdeaPad Flex 5 Convertible Laptop ,8GB,512GB SSD,11th Gen Intel Core i3,Mid Range Laptop,Intel,Solid State Drive,58499,RelianceDigital.com
49,Lenovo,Lenovo JCIN Legion 5 Pro Gaming Laptop ,16GB,1TB SSD,AMD Ryzen 7,High End Laptop,AMD,Solid State Drive,144999,RelianceDigital.com
50,Lenovo,Lenovo 7KIN IdeaPad 3 Laptop ,8GB,512GB SSD,AMD Ryzen 5,Budget Laptop,AMD,Solid State Drive,47999,RelianceDigital.com
51,HP,HP 15-eg1001TU Pavilion Laptop ,8GB,512GB SSD,11th Gen Intel Core i5,Mid Range Laptop,Intel,Solid State Drive,61999,RelianceDigital.com
52,Asus,Asus EB522TS Laptop ,8GB,512GB SSD,11th Gen Intel Core i5,Budget Laptop,Intel,Solid State Drive,47999,RelianceDigital.com
53,Asus,Asus EK562WS Laptop ,8GB,512GB SSD,11th Gen Intel Core i5,Budget Laptop,Intel,Solid State Drive,48999,RelianceDigital.com
54,Asus,Asus KM053WS Vivobook Pro 14X Gaming Laptop ,16GB,1TB SSD,AMD Ryzen 9,High End Laptop,AMD,Solid State Drive,101999,RelianceDigital.com
55,Acer,Acer A314-22 Aspire 3 Laptop ,4GB,1TB HDD,AMD 3020e,Budget Laptop,AMD,Hard Disk Drive,24990,RelianceDigital.com
56,Acer,Acer A514-54 Aspire 5 Laptop ,8GB,512GB SSD,11th Gen Intel Core i5,Mid Range Laptop,Intel,Solid State Drive,51890,RelianceDigital.com
57,Asus,Asus KA501WS TUF A17 ZenBook Duo Laptop ,8GB,512GB SSD,11th Gen Intel Core i5,High End Laptop,Intel,Solid State Drive,96999,RelianceDigital.com
58,Asus,Asus BQ511WS VivoBook 15 Laptop ,8GB,256GB SSD,10th Gen Intel Core i5,Budget Laptop,Intel,Solid State Drive,41990,RelianceDigital.com
59,Asus,Asus HF068WS TUF F15 Gaming Laptop ,16GB,1TB SSD,12th Gen Intel Core i7,High End Laptop,Intel,Solid State Drive,142999,RelianceDigital.com
60,Asus,Asus HX020W ROG Strix G17 Gaming Laptop ,16GB,512GB SSD,AMD Ryzen 7,High End Laptop,AMD,Solid State Drive,109999,RelianceDigital.com
61,HP,HP Pavilion 15-EG1000TX Laptop ,16GB,512GB SSD,11th Gen Intel Core i5,High End Laptop,Intel,Solid State Drive,70999,RelianceDigital.com
62,HP,HP Pavilion 14-ec0037AU Laptop,16GB,512GB SSD,AMD Ryzen 5,Mid Range Laptop,AMD,Solid State Drive,60400,RelianceDigital.com
63,Lenovo,Lenovo DYIN Yoga 7 Convertible Laptop ,16GB,512GB SSD,11th Gen Intel Core i5,High End Laptop,Intel,Solid State Drive,78999,RelianceDigital.com
64,Dell,Dell 3400 Vostro 14 Laptop ,8GB,512GB SSD,11th Gen Intel Core Core i3,Mid Range Laptop,Intel,Solid State Drive,62499,RelianceDigital.com
65,Asus,Asus KA711WS ZenBook Duo Laptop ,16GB,1TB SSD,11th Gen Intel Core i7,High End Laptop,Intel,Solid State Drive,137999,RelianceDigital.com
66,Lenovo,Lenovo 05IN IdeaPad 3 Laptop ,8GB,512GB SSD,11th Gen Intel Core i5,Mid Range Laptop,Intel,Solid State Drive,50999,RelianceDigital.com
67,Asus,Asus HY777TS ZenBook Duo ,16GB,1TB SSD,11th Gen Intel Core i7,High End Laptop,AMD,Solid State Drive,121999,RelianceDigital.com
68,HP,HP 13-bd0004TU Envy x360 Convertible Laptop ,8GB,512GB SSD,11th Gen Intel Core i5,High End Laptop,Intel,Solid State Drive,84999,RelianceDigital.com
69,Lenovo,Lenovo 22IN IdeaPad Slim 5i Laptop ,16GB,512GB SSD,11th Gen Intel Core i5,Mid Range Laptop,Intel,Solid State Drive,67990,RelianceDigital.com
70,Lenovo,Lenovo 3VIN IdeaPad Slim 5i Laptop ,16GB,512GB SSD,11th Gen Intel Core i5,High End Laptop,Intel,Solid State Drive,74990,RelianceDigital.com
71,HP,HP 14s-er0503TU Laptop ,8GB,512GB SSD,10th Gen Intel Core i5,Mid Range Laptop,Intel,Solid State Drive,53999,RelianceDigital.com
72,HP,HP 16d0003TX Victus Gaming Laptop ,8GB,512GB SSD,11th Gen Intel Core i5,High End Laptop,Intel,Solid State Drive,80499,RelianceDigital.com
73,Lenovo,Lenovo KYIN IdeaPad Slim 3i Laptop ,8GB,512GB SSD,11th Gen Intel Core i5,Mid Range Laptop,Intel,Solid State Drive,60999,RelianceDigital.com
74,HP,HP 15-dk1508TX Pavilion Gaming Laptop ,8GB,512GB SSD,10th Gen Intel Core i5,Mid Range Laptop,Intel,Solid State Drive,68999,RelianceDigital.com
75,Lenovo,Lenovo 8DIN IdeaPad Gaming 3i Laptop ,8GB,1TB HDD,10th Gen Intel Core i5,Mid Range Laptop,Intel,Hard Disk Drive,58990,RelianceDigital.com
76,Lenovo,Lenovo 93IN IdeaPad Gaming 3i Laptop ,8GB,512GB SSD,10th Gen Intel Core i5,Mid Range Laptop,Intel,Solid State Drive,67990,RelianceDigital.com
77,HP,HP 13-ay0046AU Convertible Laptop ,16GB,512GB SSD,AMD Ryzen 7,High End Laptop,AMD,Solid State Drive,96999,RelianceDigital.com
78,AVITA,AVITA A2INC44AMB Essential Laptop ,4GB,256GB SSD,Intel Celeron,Budget Laptop,Intel,Solid State Drive,22999,RelianceDigital.com
79,HP,HP 15-EC1048AX Pavilion Gaming Laptop ,8GB,1TB HDD + 256GB SSD,AMD Ryzen 5,Mid Range Laptop,AMD,Hard Disk Drive & Solid State Drive,66999,RelianceDigital.com
80,HP,HP 15-dk1511TX Pavilion Gaming Laptop ,16GB,512GB SSD,10th Gen Intel Core i7,High End Laptop,Intel,Solid State Drive,89999,RelianceDigital.com
81,HP,HP 15-eg1000TU Pavilion Laptop ,8GB,512GB SSD,11th Gen Intel Core i5,Mid Range Laptop,Intel,Solid State Drive,61999,RelianceDigital.com
82,HP,HP 13-BE0208AU Pavilion Aero Laptop ,16GB,1TB SSD,AMD Ryzen 7,High End Laptop,AMD,Solid State Drive,81999,RelianceDigital.com
83,HP,HP 4s-fq1083AU Laptop ,8GB,512GB SSD,AMD Ryzen 7,Mid Range Laptop,AMD,Solid State Drive,56999,RelianceDigital.com
84,Lenovo,Lenovo 75IN IdeaPad Slim 3 Pro Laptop ,16GB,512GB SSD,11th Gen Intel Core i5,Mid Range Laptop,Intel,Solid State Drive,54999,RelianceDigital.com
85,Dell,Dell 3511 Inspiron 15 Gaming Laptop ,8GB,1TB + 256GB Hybrid,11th Gen Intel Core i5,Mid Range Laptop,Intel,Hybrid,64999,RelianceDigital.com
86,Asus,Asus EK562WS Laptop ,16GB,512GB SSD,10th Gen Intel Core i3,Budget Laptop,Intel,Solid State Drive,35999,RelianceDigital.com
87,Lenovo,Lenovo MPIN IdeaPad 3 Laptop ,8GB,512GB SSD,AMD Ryzen 5,Mid Range Laptop,AMD,Solid State Drive,51999,RelianceDigital.com
88,Lenovo,Lenovo 4HIN Yoga 7 Convertible Laptop ,16GB,512GB SSD,11th Gen Intel Core i7,High End Laptop,Intel,Solid State Drive,98999,RelianceDigital.com
89,Microsoft,Microsoft Surface Laptop Go ,8GB,256GB SSD,10th Gen Intel Core i5,High End Laptop,Intel,Solid State Drive,75990,RelianceDigital.com
90,Lenovo,Lenovo L3IN IdeaPad 3 Laptop ,8GB,256GB SSD,11th Gen Intel Core i3,Budget Laptop,Intel,Solid State Drive,35999,RelianceDigital.com
91,Microsoft,Microsoft Surface Laptop Go ,8GB,128GB SSD,10th Gen Intel Core i5,Mid Range Laptop,Intel,Solid State Drive,64890,RelianceDigital.com
92,Lenovo,Lenovo QTIN IdeaPad L340 Gaming Laptop ,8GB,1TB HDD,9th Gen Intel Core i5,Mid Range Laptop,Intel,Hard Disk Drive,55999,RelianceDigital.com
93,Lenovo,Lenovo KLIN IdeaPad Slim 3i Laptop ,8GB,256GB SSD,11th Gen Intel Core i3,Budget Laptop,Intel,Solid State Drive,38499,RelianceDigital.com
94,HP,HP 14s-DQ2535TU Laptop ,8GB,512GB SSD,11th Gen Intel Core i5,Mid Range Laptop,Intel,Solid State Drive,55999,RelianceDigital.com
95,HP,HP 15s-DR3500TX Laptop ,8GB,512GB SSD,11th Gen Intel Core i5,Mid Range Laptop,Intel,Solid State Drive,64999,RelianceDigital.com
96,HP,HP 14s-DR2016TU Laptop ,8GB,512GB SSD,11th Gen Intel Core i5,Mid Range Laptop,Intel,Solid State Drive,58999,RelianceDigital.com
97,Asus,Asus HN256T TUF Gaming F15 Gaming Laptop ,16GB,512GB SSD,10th Gen Intel Core i5,Mid Range Laptop,Intel,Solid State Drive,66999,RelianceDigital.com
98,Dell,Dell Inspiron 15-G3 3500 Gaming Laptop ,8GB,512GB SSD,10th Gen Intel Core i7,High End Laptop,Intel,Solid State Drive,87999,RelianceDigital.com
99,HP,HP Firefly G7 ZBook Laptop ,8GB,1TB SSD,10th Gen Intel Core i5,High End Laptop,Intel,Solid State Drive,96499,RelianceDigital.com
100,HP,HP Firefly G7 ZBook Laptop ,8GB,1TB SSD,10th Gen Intel Core i5,High End Laptop,Intel,Solid State Drive,92999,RelianceDigital.com
101,Lenovo,Lenovo BQIN IdeaPad 5 Laptop ,8GB,1TB HDD + 256GB SSD,11th Gen Intel Core i5,Mid Range Laptop,Intel,Hard Disk Drive & Solid State Drive,64990,RelianceDigital.com
102,HP,HP 15S-du3032TU Laptop ,8GB,1TB HDD,11th Gen Intel Core i5,Mid Range Laptop,Intel,Hard Disk Drive,54999,RelianceDigital.com
103,Apple,Apple MGN73HNA MacBook Air ,8GB,512GB,Apple M1 Chip,High End Laptop,Apple,Solid State Drive,110095,RelianceDigital.com
104,Apple,Apple MYD92HNA MacBook Pro ,8GB,512GB,Apple M1 Chip,High End Laptop,Apple,Solid State Drive,131435,RelianceDigital.com
105,Lenovo,Lenovo BPIN IdeaPad 5 Laptop ,8GB,1TB HDD + 256GB SSD,11th Gen Intel Core i5,High End Laptop,Intel,Hard Disk Drive & Solid State Drive,72990,RelianceDigital.com
106,HP,HP 14s-DR2007TU Laptop ,8GB,512GB SSD,11th Gen Intel Core i7,High End Laptop,Intel,Solid State Drive,74999,RelianceDigital.com
107,Asus,Asus ExpertBook P1 ,4GB,1TB,10th Gen Intel Core i3,Budget Laptop,AMD,Hard Disk Drive,45999,RelianceDigital.com
108,HP,HP 13-ay0045AU Envy x360 Laptop ,8GB,512GB SSD,AMD Ryzen R5,High End Laptop,AMD,Solid State Drive,70999,RelianceDigital.com
109,HP,HP 15s-du3564TU Laptop ,8GB,512GB SSD,11th Gen Intel Core i3,Budget Laptop,Intel,Solid State Drive,43299,RelianceDigital.com
110,HP,HP 15s-du3563TU Laptop ,8GB,512GB SSD,11th Gen Intel Core i3,Budget Laptop,Intel,Solid State Drive,42999,RelianceDigital.com
111,Realme,Realme RMNB1002 Book Laptop ,8GB,512GB SSD,11th Gen Intel Core i5,Mid Range Laptop,Intel,Solid State Drive,59999,RelianceDigital.com
112,Realme,Realme RMNB1002 Book Laptop ,8GB,512GB SSD,11th Gen Intel Core i5,Mid Range Laptop,Intel,Solid State Drive,59999,RelianceDigital.com
113,Realme,Realme RMNB1001 Book Laptop ,8GB,256GB SSD,11th Gen Intel Core i3,Budget Laptop,Intel,Solid State Drive,46999,RelianceDigital.com
114,Realme,Realme RMNB1001 Book Laptop ,8GB,256GB SSD,11th Gen Intel Core i3,Budget Laptop,Intel,Solid State Drive,46999,RelianceDigital.com
115,Asus,Asus L1262TS Vivobook Pro 15 Gaming Laptop ,16GB,1TB SSD,AMD Ryzen 7,High End Laptop,AMD,Solid State Drive,92999,RelianceDigital.com
116,Asus,Asus EK701WS VivoBook 14 Laptop ,16GB,512GB SSD,10th Gen Intel Core i7,Mid Range Laptop,Intel,Solid State Drive,55499,RelianceDigital.com
117,Dell,Dell 5518 Inspiron 15 Laptop ,16GB,512GB SSD,11th Gen Intel Core i5,High End Laptop,Intel,Solid State Drive,73499,RelianceDigital.com
118,Asus,Asus EJ362WS VivoBook 15 Laptop ,8GB,512GB SSD + 32GB Intel Optane Memory,10th Gen Intel Core i3,Budget Laptop,Intel,Solid State Drive & Intel Optane Memory,36990,RelianceDigital.com
119,Asus,Asus LQ122WS Vivobook 13 Slate Laptop ,4GB,128GB eMMC,Intel Pentium Silver N6000,Budget Laptop,Intel,Embedded Multimedia Card,41799,RelianceDigital.com
120,Asus,Asus LQ121WS Vivobook 13 Slate Laptop ,4GB,128GB eMMC,Intel Pentium Silver N6000,Mid Range Laptop,Intel,Embedded Multimedia Card,51999,RelianceDigital.com
121,Asus,Asus LQ111WS Vivobook 13 Slate Laptop ,8GB,256GB eMMC,Intel Pentium Silver N6000,Mid Range Laptop,Intel,Embedded Multimedia Card,53499,RelianceDigital.com
122,Dell,Dell 5518 Inspiron 15 Laptop ,16GB,512GB SSD,11th Gen Intel Core i5,Mid Range Laptop,Intel,Solid State Drive,66999,RelianceDigital.com
123,Lenovo,Lenovo 8YIN IdeaPad Flex 5 Convertible Laptop ,8GB,512GB SSD,11th Gen Intel Core i5,Mid Range Laptop,Intel,Solid State Drive,66999,RelianceDigital.com
124,Dell,Dell 5518 Inspiron 15 Laptop ,16GB,512GB SSD,11th Gen Intel Core i5,Mid Range Laptop,Intel,Solid State Drive,68999,RelianceDigital.com
125,Asus,Asus HP562WS Zenbook Flip 13 2-in-1 Convertible Laptop ,16GB,512GB SSD,11th Gen Intel Core i5,High End Laptop,Intel,Solid State Drive,85499,RelianceDigital.com
126,HP,HP 15-eh1101AU Pavilion Laptop ,8GB,512GB SSD,AMD Ryzen 5,Mid Range Laptop,AMD,Solid State Drive,57999,RelianceDigital.com
127,AVITA,AVITA A8INF561 Liber V14 Laptop ,8GB,512GB SSD,10th Gen Intel Core i5,Budget Laptop,Intel,Solid State Drive,47999,RelianceDigital.com
128,Asus,Asus BV301T Laptop ,4GB,1TB HDD,10th Gen Intel Core i3,Budget Laptop,Intel,Hard Disk Drive,25999,RelianceDigital.com
129,Lenovo,Lenovo D1IN IdeaPad 5 Pro Laptop ,16GB,1TB SSD,AMD Ryzen 7,High End Laptop,AMD,Solid State Drive,78499,RelianceDigital.com
130,Lenovo,Lenovo HWIN Yoga 7 Convertible Laptop ,16GB,512GB SSD,11th Gen Intel Core i7,High End Laptop,Intel,Solid State Drive,92999,RelianceDigital.com
131,Apple,Apple MBPMK183HNA MacBook Pro ,16GB,512GB,Apple M1 Pro chip,High End Laptop,Apple,Solid State Drive,225506,RelianceDigital.com
132,Asus,Asus K513EA-L502TS Laptop ,8GB,1TB HDD + 256GB SSD,Intel Core i5,Mid Range Laptop,Intel,Hard Disk Drive & Solid State Drive,61499,RelianceDigital.com
133,Dell,Dell 3511 Inspiron 15 ,8GB,1TB HDD,11th Gen Intel Core i3,Budget Laptop,Intel,Hard Disk Drive,43499,RelianceDigital.com
134,Microsoft,Microsoft TFN-00013 Surface Pro 7+ Convertible Laptop ,8GB,128GB SSD,11th Gen Intel Core i5,High End Laptop,Intel,Solid State Drive,90999,RelianceDigital.com
135,Acer,Acer A715-42G Aspire 7 Gaming Laptop ,8GB,512GB SSD,AMD Ryzen 5,Mid Range Laptop,AMD,Solid State Drive,54990,RelianceDigital.com
136,Acer,Acer A315-58 Aspire 3 Laptop ,4GB,256GB SSD,11th Gen Intel Core i3,Budget Laptop,Intel,Solid State Drive,31790,RelianceDigital.com
137,Dell,Dell Vostro 3405 Laptop ,8GB,1TB HDD,AMD Ryzen 3,Budget Laptop,AMD,Hard Disk Drive,36999,RelianceDigital.com
138,Dell,Dell 3511 Inspiron 15 Laptop ,8GB,256GB SSD,11th Gen Intel Core i3,Budget Laptop,Intel,Solid State Drive,40999,RelianceDigital.com
139,Dell,Dell 3400 Vostro Laptop ,16GB,512GB SSD,11th Gen Intel Core i5,Mid Range Laptop,Intel,Solid State Drive,61999,RelianceDigital.com
140,Acer,Acer B311-31 Travelmate B3 Laptop ,4GB,256GB SSD,Intel Celeron,Budget Laptop,Intel,Solid State Drive,23490,RelianceDigital.com
141,Acer,Acer B311-31 Travelmate B3 Laptop ,4GB,128GB SSD,Intel Celeron,Budget Laptop,Intel,Solid State Drive,21999,RelianceDigital.com
142,Acer,Acer A315-23 Aspire 3 Laptop ,4GB,512GB SSD,AMD Ryzen 3,Budget Laptop,AMD,Solid State Drive,33490,RelianceDigital.com
143,Dell,Dell 3511 Inspiron 15 Laptop ,8GB,1TB + 256GB Hybrid,11th Gen Intel Core i3,Budget Laptop,Intel,Hybrid,48499,RelianceDigital.com
144,HP,HP 15-ec1025AX Pavilion Gaming Laptop ,8GB,512GB SSD,AMD Ryzen 5,Mid Range Laptop,AMD,Solid State Drive,61999,RelianceDigital.com
145,Dell,Dell Vostro 3400 Laptop ,8GB,1TB HDD,11th Gen Intel Core i5,Mid Range Laptop,Intel,Hard Disk Drive,50499,RelianceDigital.com
146,Dell,Dell 3515 Inspiron 15 ,8GB,256GB SSD,AMD Ryzen 5,Budget Laptop,AMD,Solid State Drive,45199,RelianceDigital.com
147,Dell,Dell 3511 Inspiron 15 ,8GB,256GB SSD,11th Gen Intel Core i3,Budget Laptop,Intel,Solid State Drive,40999,RelianceDigital.com
148,Dell,Dell Vostro 3400 Laptop ,8GB,1TB HDD,11th Gen Intel Core i3,Budget Laptop,Intel,Hard Disk Drive,41999,RelianceDigital.com
149,Lenovo,Lenovo PUIN IdeaPad 3 Laptop ,8GB,512GB SSD,10th Gen Intel Core i5,Budget Laptop,Intel,Solid State Drive,47799,RelianceDigital.com
150,Dell,Dell 3515 Inspiron 15 Laptop ,8GB,1TB HDD,AMD Ryzen 3,Budget Laptop,AMD,Hard Disk Drive,38999,RelianceDigital.com
151,Dell,Dell 5410 Inspiron 14 Laptop ,8GB,512GB SSD,11th Gen Intel Core i5,Mid Range Laptop,Intel,Solid State Drive,66999,RelianceDigital.com
152,Lenovo,Lenovo 56IN IdeaPad 3 Laptop ,8GB,256GB SSD,11th Gen Intel Core i5,Budget Laptop,Intel,Solid State Drive,48999,RelianceDigital.com
153,HP,HP 15-DK2095TX Pavilion Gaming Laptop ,16GB,512GB SSD,11th Gen Intel Core i5,High End Laptop,Intel,Solid State Drive,74999,RelianceDigital.com
154,HP,HP 15-EC2075AX Pavilion Gaming Laptop ,16GB,512GB SSD,11th Gen Intel Core i7,High End Laptop,Intel,Solid State Drive,91999,RelianceDigital.com
155,HP,HP 13-BE0206AU Pavilion Aero Laptop ,16GB,512GB SSD,AMD Ryzen 5,Mid Range Laptop,AMD,Solid State Drive,67999,RelianceDigital.com
156,Lenovo,Lenovo 92IN IdeaPad 3 Laptop ,8GB,1TB HDD,10th Gen Intel Core i3,Budget Laptop,Intel,Hard Disk Drive,31999,RelianceDigital.com
157,Lenovo,Lenovo 4DIN IdeaPad 5 Laptop ,16GB,512GB SSD,11th Gen Intel Core i5,Mid Range Laptop,Intel,Solid State Drive,65999,RelianceDigital.com
158,Lenovo,Lenovo 0AIN Yoga 7 Laptop ,16GB,512GB SSD,AMD Ryzen 7,High End Laptop,AMD,Solid State Drive,87999,RelianceDigital.com
159,Lenovo,Lenovo 07WIN Legion 5 Laptop ,16GB,512GB SSD,Intel Core i7,High End Laptop,Intel,Solid State Drive,119999,RelianceDigital.com
160,Lenovo,Lenovo DWIN IdeaPad 3 Laptop ,8GB,512GB SSD,11th Gen Intel Core i5,Mid Range Laptop,Intel,Solid State Drive,52999,RelianceDigital.com
161,Lenovo,Lenovo DCIN IdeaPad 3 Laptop ,8GB,512GB SSD,10th Gen Intel Core i5,Budget Laptop,Intel,Solid State Drive,47799,RelianceDigital.com
162,Lenovo,Lenovo DPIN Yoga 6 Convertible ,16GB,1TB SSD,AMD Ryzen 7,High End Laptop,AMD,Solid State Drive,81999,RelianceDigital.com
163,Lenovo,Lenovo BPIN IdeaPad 3 Gaming Laptop ,8GB,512GB SSD,10th Gen Intel Core i5,Budget Laptop,Intel,Solid State Drive,49999,RelianceDigital.com
164,Lenovo,Lenovo 8AIN IdeaPad 5 Laptop ,16GB,512GB SSD,11th Gen Intel Core i5,Mid Range Laptop,Intel,Solid State Drive,59999,RelianceDigital.com
165,Lenovo,Lenovo 59IN IdeaPad Flex 5 Convertible ,16GB,512GB SSD,11th Gen Intel Core i7,High End Laptop,Intel,Solid State Drive,81999,RelianceDigital.com
166,AVITA,AVITA PURA E NS14A6ING541 Laptop ,8GB,256GB SSD,AMD A6-9220e,Budget Laptop,AMD,Solid State Drive,25999,RelianceDigital.com
167,Dell,Dell 3511 Inspiron 15 ,8GB,512GB SSD,11th Gen Intel Core i5,Mid Range Laptop,Intel,Solid State Drive,56499,RelianceDigital.com
168,Dell,Dell 3511 Inspiron 15 ,8GB,1TB HDD + 256GB SSD,11th Gen Intel Core i5,Mid Range Laptop,Intel,Hard Disk Drive & Solid State Drive,57999,RelianceDigital.com
169,Lenovo,Lenovo BJIN IdeaPad Silm 3 Laptop ,8GB,512GB SSD,10th Gen Intel Core i5,Budget Laptop,Intel,Solid State Drive,47799,RelianceDigital.com
170,Asus,Asus HZ084TS ROG Zephyrus G14 Gaming Laptop ,8GB,512GB SSD,AMD Ryzen 7,High End Laptop,AMD,Solid State Drive,72999,RelianceDigital.com
171,HP,HP 14s-ef1000tu Laptop ,8GB,512GB SSD,11th Gen Intel Core i3,Budget Laptop,Intel,Solid State Drive,45999,RelianceDigital.com
172,Asus,Asus L502WS Laptop ,8GB,1TB HDD + 256GB SSD,11th Gen Intel Core i5,Mid Range Laptop,Intel,Hard Disk Drive & Solid State Drive,62999,RelianceDigital.com
173,Dell,Dell 3400 Vostro Laptop ,8GB,1TB HDD + 256GB SSD,11th Gen Intel Core i5,Mid Range Laptop,Intel,Hard Disk Drive & Solid State Drive,58999,RelianceDigital.com
174,Dell,Dell Inspiron 15 3511 Laptop ,16GB,512GB SSD,11th Gen Intel Core i5,Mid Range Laptop,Intel,Solid State Drive,63999,RelianceDigital.com
175,HP,HP 14-dy1010TU Pavilion x360 Convertible Laptop ,16GB,512GB SSD,11th Gen Intel Core i5,High End Laptop,Intel,Solid State Drive,73999,RelianceDigital.com
176,HP,HP 15-DU3517TU Laptop ,8GB,512GB SSD,11th Gen Intel Core i5,Mid Range Laptop,Intel,Solid State Drive,52999,RelianceDigital.com
177,Asus,Asus L303WS Laptop ,8GB,256GB SSD,11th Gen Intel Core i3,Budget Laptop,Intel,Solid State Drive,46999,RelianceDigital.com
178,Lenovo,Lenovo 8QIN Ideapad Slim 3 Laptop ,8GB,256GB SSD,10th Gen Intel Core i3,Budget Laptop,Intel,Solid State Drive,31999,RelianceDigital.com
179,HP,HP ay1038a Envy 13 Convertible Laptop ,16GB,512GB SSD,AMD Ryzen 5,High End Laptop,AMD,Solid State Drive,81999,RelianceDigital.com
180,Dell,Dell 3511 Inspiron 15 Standard Laptop ,8GB,512GB SSD,11th Gen Intel Core i3,Budget Laptop,Intel,Solid State Drive,45999,RelianceDigital.com
181,Dell,Dell 3511 Inspiron 15 Standard Laptop ,8GB,256GB SSD,11th Gen Intel Core i5,Mid Range Laptop,Intel,Solid State Drive,55999,RelianceDigital.com
182,Dell,Dell 3515 Inspiron 15 Standard Laptop ,8GB,256GB SSD,AMD Ryzen 5,Budget Laptop,AMD,Solid State Drive,45499,RelianceDigital.com
183,Dell,Dell 3511 Inspiron 15 Standard Laptop ,8GB,512GB SSD,11th Gen Intel Core i5,Mid Range Laptop,Intel,Solid State Drive,64499,RelianceDigital.com
184,HP,HP 14-eb0019TX Envy Gaming Laptop ,16GB,512GB SSD,11th Gen Intel Core i5,High End Laptop,Intel,Solid State Drive,81999,RelianceDigital.com
185,HP,HP 14-eb0021TX Envy Gaming Laptop ,16GB,1TB SSD,11th Gen Intel Core i7,High End Laptop,Intel,Solid State Drive,109999,RelianceDigital.com
186,HP,HP 14-ea0538TU Spectre x360 Convertible Laptop ,16GB,512GB SSD,11th Gen Intel Core i5,High End Laptop,Intel,Solid State Drive,104999,RelianceDigital.com
187,HP,HP 15-eh1103AU Pavilion Laptop ,16GB,512GB SSD,AMD Ryzen 5,Mid Range Laptop,AMD,Solid State Drive,62999,RelianceDigital.com
188,Lenovo,Lenovo DFIN Ideapad 3 Laptop ,8GB,512GB SSD,10th Gen Intel Core i5,Budget Laptop,Intel,Solid State Drive,45490,RelianceDigital.com
189,HP,HP 15s-dy3501TU Laptop ,8GB,512GB SSD,11th Gen Intel Core i3,Budget Laptop,Intel,Solid State Drive,39999,RelianceDigital.com
190,Dell,Dell 7415 Inspiron 14 Convertible Laptop ,8GB,512GB SSD,AMD Ryzen 5,Mid Range Laptop,AMD,Solid State Drive,68999,RelianceDigital.com
191,Dell,Dell 3515 Inspiron 15 Laptop ,8GB,256GB SSD,AMD Ryzen 5,Budget Laptop,AMD,Solid State Drive,45799,RelianceDigital.com
192,Lenovo,Lenovo 5DIN IdeaPad Flex 5 Convertible Laptop ,8GB,256GB SSD,11th Gen Intel Core i3,Mid Range Laptop,Intel,Solid State Drive,52499,RelianceDigital.com
193,Lenovo,Lenovo DCIN IdeaPad 5 Pro Laptop ,16GB,512GB SSD,11th Gen Intel Core i5,Mid Range Laptop,Intel,Solid State Drive,64999,RelianceDigital.com
194,Lenovo,Lenovo VXIN IdeaPad Flex 5 Convertible Laptop ,8GB,512GB SSD,11th Gen Intel Core i5,Mid Range Laptop,Intel,Solid State Drive,66999,RelianceDigital.com
195,Lenovo,Lenovo DWIN IdeaPad 3 Laptop ,8GB,256GB SSD,11th Gen Intel Core i3,Budget Laptop,Intel,Solid State Drive,36499,RelianceDigital.com
196,Lenovo,Lenovo UPIN IdeaPad 3 Laptop ,4GB,256GB SSD,Intel Celeron,Budget Laptop,AMD,Solid State Drive,27980,RelianceDigital.com
197,Lenovo,Lenovo W2IN IdeaPad Flex 5 Convertible Laptop ,8GB,512GB SSD,11th Gen Intel Core i3,Mid Range Laptop,Intel,Solid State Drive,55499,RelianceDigital.com
198,Microsoft,Microsoft E4K-00014 Surface Pro X Convertible Laptop ,8GB,128GB SSD,Microsoft SQ 1,High End Laptop,AMD,Solid State Drive,89990,RelianceDigital.com
199,Asus,Asus EB582TS Laptop ,16GB,512GB SSD + 32GB Intel Optane Memory,10th Gen Intel Core i5,Budget Laptop,Intel,Solid State Drive & Intel Optane Memory,48999,RelianceDigital.com
200,Asus,Asus ROG Zephyrus G14 Gaming Laptop ,16GB,1TB SSD,AMD Ryzen 9,High End Laptop,AMD,Solid State Drive,142999,RelianceDigital.com
201,Apple,Apple Z11C MacBook Pro ,8GB,512GB,Apple M1 Chip,High End Laptop,Apple,Solid State Drive,162900,RelianceDigital.com
202,Asus,Asus HN084WS ROG Strix G15 ,16GB,1TB SSD,AMD Ryzen 7,High End Laptop,AMD,Solid State Drive,113999,RelianceDigital.com
203,Acer,Acer AN515-58 Nitro 5 Gaming Laptop ,8GB,512GB SSD,12th Gen Intel Core i5,High End Laptop,Intel,Solid State Drive,84690,RelianceDigital.com
204,Samsung,Samsung Galaxy Book Go Laptop ,4GB,128GB SSD,Qualcomm Snapdragon 7C,Budget Laptop,AMD,Solid State Drive,35999,RelianceDigital.com
205,Samsung,Samsung Galaxy Book2 Pro Laptop ,16GB,512GB,12th Gen Intel Core i7,High End Laptop,Intel,Solid State Drive,124999,RelianceDigital.com
206,Samsung,Samsung Galaxy Book2 Pro Laptop ,8GB,512GB,12th Gen Intel Core i7,High End Laptop,Intel,Solid State Drive,114999,RelianceDigital.com
207,Lenovo,Lenovo MBIN Yoga Slim 7 Laptop ,16GB,512GB SSD,11th Gen Intel Core i5,High End Laptop,Intel,Solid State Drive,71999,RelianceDigital.com
208,Lenovo,Lenovo UWIN Ideapad G3 Gaming Laptop ,8GB,512GB SSD,AMD Ryzen 5,Mid Range Laptop,AMD,Solid State Drive,67999,RelianceDigital.com
209,Samsung,Samsung Galaxy Book2 360 Convertible Laptop ,16GB,512GB,12th Gen Intel Core i5,High End Laptop,Intel,Solid State Drive,96999,RelianceDigital.com
210,Samsung,Samsung Galaxy Book2 Pro 360 Convertible Laptop ,16GB,512GB,12th Gen Intel Core i7,High End Laptop,Intel,Solid State Drive,120999,RelianceDigital.com
211,Asus,Asus ROG Strix G15 G513 ,16GB,1TB SSD,AMD Ryzen 7,High End Laptop,AMD,Solid State Drive,123999,RelianceDigital.com
212,HP,HP 15-EG2019TX Pavilion Laptop ,16GB,512GB SSD,12th Gen Intel Core i5,High End Laptop,Intel,Solid State Drive,75999,RelianceDigital.com
213,Dell,Dell 5410 Inspiron 14 2-IN-1 Convertible Laptop ,16GB,512GB SSD,11th Gen Intel Core i5,High End Laptop,Intel,Solid State Drive,75999,RelianceDigital.com
214,HP,HP 16-d0302TX Victus Gaming Laptop ,8GB,512GB SSD,11th Gen Intel Core i5,Mid Range Laptop,Intel,Solid State Drive,63999,RelianceDigital.com
215,Asus,Asus VivoBook S 15 L501WS Laptop ,8GB,512GB SSD,12th Gen Intel Core i5,High End Laptop,Intel,Solid State Drive,74999,RelianceDigital.com
216,Dell,Dell Vostro 3400  Laptop ,8GB,512GB SSD,11th Gen Intel Core i5,Mid Range Laptop,Intel,Solid State Drive,51999,RelianceDigital.com
217,Asus,Asus HX070T TUF Gaming Laptop ,8GB,1TB SSD,11th Gen Intel Core i5,High End Laptop,Intel,Solid State Drive,76999,RelianceDigital.com
218,Asus,Asus GJ001W Laptop ,8GB,128GB eMMC,Intel Celeron,Budget Laptop,Intel,Embedded Multimedia Card,22990,RelianceDigital.com
219,HP,HP Pavilion 14-dv1000TU Pavilion Laptop ,8GB,512GB SSD,11th Gen Intel Core i5,Mid Range Laptop,Intel,Solid State Drive,60400,RelianceDigital.com
220,HP,HP Pavilion 14-DY1048TU Convertible x360 Laptop ,16GB,512GB SSD,11th Gen Intel Core i5,High End Laptop,Intel,Solid State Drive,72999,RelianceDigital.com
221,Dell,Dell Inspiron 3511 Laptop ,8GB,512GB SSD,11th Gen Intel Core i3,Budget Laptop,Intel,Solid State Drive,43999,RelianceDigital.com
222,Dell,Dell 3400 Vostro Laptop ,8GB,512GB SSD,11th Gen Intel Core i5,Mid Range Laptop,Intel,Solid State Drive,50499,RelianceDigital.com
223,HP,HP Envy 13-ay1040AU Convertible x360 Laptop ,16GB,1TB SSD,AMD Ryzen 7,High End Laptop,AMD,Solid State Drive,96999,RelianceDigital.com
224,HP,HP Pavilion 15-eg2002TU Laptop ,16GB,512GB SSD,Intel Core i5,Mid Range Laptop,Intel,Solid State Drive,69999,RelianceDigital.com
225,HP,HP 13-ba1505TX Envy Laptop ,16GB,1TB SSD,11th Gen Intel Core i7,High End Laptop,Intel,Solid State Drive,93999,RelianceDigital.com
226,HP,HP Pavilion 15-EH2024AU laptop ,16GB,512GB SSD,AMD Ryzen 5,Mid Range Laptop,AMD,Solid State Drive,63999,RelianceDigital.com
227,Lenovo,Lenovo 90IN Ideapad Flex 5 Convertible Laptop ,8GB,256GB SSD,11th Gen Intel Core i3,Mid Range Laptop,Intel,Solid State Drive,52499,RelianceDigital.com
228,Lenovo,Lenovo 68IN Ideapad G3 Gaming Laptop ,8GB,512GB SSD,11th Gen Intel Core i5,Mid Range Laptop,Intel,Solid State Drive,66999,RelianceDigital.com
229,Asus,Asus HN309W TUF Gaming F15 Gaming Laptop ,16GB,512GB SSD,10th Gen Intel Core i5,Mid Range Laptop,Intel,Solid State Drive,61999,RelianceDigital.com
230,Samsung,Samsung Galaxy Book2 Pro 360 Convertible Laptop ,16GB,512GB,12th Gen Intel Core i5,High End Laptop,Intel,Solid State Drive,115999,RelianceDigital.com
231,Samsung,Samsung Galaxy Book2 360 Convertible Laptop ,16GB,512GB,12th Gen Intel Core i7,High End Laptop,Intel,Solid State Drive,105999,RelianceDigital.com
232,Acer,Acer A315-23 Aspire 3 Laptop ,8GB,256GB SSD,AMD Ryzen 3,Budget Laptop,AMD,Solid State Drive,29990,RelianceDigital.com
233,Asus,Asus HX030WS TUF F17 Gaming Laptop ,16GB,1TB SSD,12th Gen Intel Core i7,High End Laptop,Intel,Solid State Drive,137999,RelianceDigital.com
234,Acer,Acer A315-58 Aspire 3 Laptop ,8GB,512GB SSD,11th Gen Intel Core i3,Budget Laptop,Intel,Solid State Drive,38490,RelianceDigital.com
235,Lenovo,Lenovo IdeaPad 3 L1IN Laptop ,16GB,512GB SSD,11th Gen Intel Core i3,Budget Laptop,Intel,Solid State Drive,37999,RelianceDigital.com
236,Dell,Dell Inspiron 3511 Laptop ,16GB,512GB SSD,11th Gen Intel Core i3,Budget Laptop,Intel,Solid State Drive,47999,RelianceDigital.com
237,Dell,Dell Inspiron 3515 Laptop ,16GB,1TB HDD + 256GB SSD,AMD Ryzen 3,Budget Laptop,AMD,Hard Disk Drive & Solid State Drive,41999,RelianceDigital.com
238,Dell,Dell Vostro 3405 Laptop ,8GB,512GB SSD,AMD Ryzen 3,Budget Laptop,AMD,Solid State Drive,39999,RelianceDigital.com
239,Dell,Dell 3515 Inspiron 15 Standard Laptop ,16GB,1TB HDD + 256GB SSD,AMD Ryzen 5,Budget Laptop,AMD,Hard Disk Drive & Solid State Drive,48999,RelianceDigital.com
240,Asus,Asus HN036WS TUF Dash F15 Gaming Laptop ,8GB,512GB SSD,12th Gen Intel Core i7,High End Laptop,Intel,Solid State Drive,114999,RelianceDigital.com
241,Dell,Dell Vostro 3400 Laptop ,8GB,512GB SSD,11th Gen Intel Core i5,Mid Range Laptop,Intel,Solid State Drive,55499,RelianceDigital.com
242,AVITA,Avita Essential Laptop ,4GB,256GB SSD,Intel Celeron,Budget Laptop,Intel,Solid State Drive,22999,RelianceDigital.com
243,Dell,Dell 3511 Inspiron 15 Laptop ,8GB,1TB HDD + 256GB SSD,11th Gen Intel Core i5,Mid Range Laptop,Intel,Hard Disk Drive & Solid State Drive,54999,RelianceDigital.com
244,Asus,Asus KM731WS ZenBook 14  Laptop ,16GB,512GB SSD,12th Gen Intel Core i7,High End Laptop,Intel,Solid State Drive,104999,RelianceDigital.com
245,Dell,Dell 5520 G15 Gaming Laptop ,16GB,512GB SSD,12th Gen Intel Core i7,High End Laptop,Intel,Solid State Drive,137999,RelianceDigital.com
246,Dell,Dell 3511 Inspiron Laptop ,16GB,512GB SSD,11th Gen Intel Core i5,Mid Range Laptop,Intel,Solid State Drive,69999,RelianceDigital.com
247,Acer,Acer Aspire 3 Laptop ,16GB,256GB SSD,AMD Athlon,Budget Laptop,AMD,Solid State Drive,24990,RelianceDigital.com
248,Dell,Dell 5410 Inspiron 14 2-in-1 Convertible Laptop ,16GB,512GB SSD,11th Gen Intel Core i5,High End Laptop,Intel,Solid State Drive,70999,RelianceDigital.com
249,Dell,Dell 3511 Inspiron 15 Standard Laptop ,16GB,512GB SSD,11th Gen Intel Core i5,Mid Range Laptop,Intel,Solid State Drive,66999,RelianceDigital.com
250,Dell,Dell 3515 Inspiron 15 Standard Laptop ,16GB,1TB HDD + 256GB SSD,AMD Ryzen 5,Budget Laptop,AMD,Hard Disk Drive & Solid State Drive,49999,RelianceDigital.com
251,Dell,Dell 5410 Inspiron 14 2-in-1 Convertible Laptop ,16GB,512GB SSD,11th Gen Intel Core i5,High End Laptop,Intel,Solid State Drive,83999,RelianceDigital.com
252,Asus,Asus E210MA-GJ002W Laptop ,4GB,128GB eMMC,Intel Celeron,Budget Laptop,Intel,Embedded Multimedia Card,22990,RelianceDigital.com
253,Dell,Dell 3515 Inspiron 15  Laptop ,8GB,512GB SSD,AMD Ryzen 5,Budget Laptop,AMD,Solid State Drive,48999,RelianceDigital.com
254,Dell,Dell Vostro 3500 Laptop ,8GB,512GB SSD,11th Gen Intel Core i5,Mid Range Laptop,Intel,Solid State Drive,57999,RelianceDigital.com
255,Dell,Dell 5410 Inspiron 14 2-in-1 Convertible Laptop ,4GB,512GB SSD,11th Gen Intel Core i7,High End Laptop,Intel,Solid State Drive,88999,RelianceDigital.com
256,Dell,Dell 3515 Inspiron 15 Standard Laptop ,16GB,512GB SSD,AMD Ryzen 5,Mid Range Laptop,AMD,Solid State Drive,50499,RelianceDigital.com
257,Dell,Dell 3515 Inspiron 15 Standard Laptop ,8GB,1TB HDD,AMD Ryzen 5,Mid Range Laptop,AMD,Hard Disk Drive,52999,RelianceDigital.com
258,HP,HP Pavilion 15-dk2100TX Gaming Laptop ,8GB,1TB HDD + 256GB SSD,11th Gen Intel Core i5,Mid Range Laptop,Intel,Hard Disk Drive & Solid State Drive,66999,RelianceDigital.com
259,Asus,Asus HN072WS TUF F15 Gaming Laptop ,8GB,1TB SSD,12th Gen Intel Core i7,High End Laptop,Intel,Solid State Drive,123999,RelianceDigital.com
260,Asus,Asus HX021W ROG Strix G17 ,16GB,512GB SSD,AMD Ryzen 7,High End Laptop,AMD,Solid State Drive,109999,RelianceDigital.com
261,Asus,Asus VivoBook S 15 L701WS Laptop ,16GB,512GB SSD,12th Gen Intel Core i7,High End Laptop,Intel,Solid State Drive,94999,RelianceDigital.com
262,Asus,Asus HN124W TUF A15 Gaming Laptop ,16GB,512GB,AMD Ryzen 9,High End Laptop,AMD,Solid State Drive,99999,RelianceDigital.com
263,Asus,Asus HQ275WS ROG Strix G15 Gaming Laptop ,8GB,1TB SSD,AMD Ryzen 7,High End Laptop,AMD,Solid State Drive,151999,RelianceDigital.com
264,Asus,Asus HN356W TUF F15 Gaming Laptop ,16GB,512GB SSD,10th Gen Intel Core i5,Mid Range Laptop,Intel,Solid State Drive,61999,RelianceDigital.com
265,Asus,Asus ROG Strix G15 G513 Gaming Laptop ,8GB,1TB SSD,AMD Ryzen 9,High End Laptop,AMD,Solid State Drive,119999,RelianceDigital.com
266,HP,HP 14-DY0208TU Pavilion x360 Convertible Laptop ,8GB,512GB SSD,11th Gen Intel Core i3,Mid Range Laptop,Intel,Solid State Drive,57999,RelianceDigital.com
267,Lenovo,Lenovo 7HIN IdeaPad 3 Laptop ,8GB,512GB SSD,AMD Ryzen 5,Budget Laptop,AMD,Solid State Drive,47999,RelianceDigital.com
268,HP,HP 15-eh2025au Laptop ,16GB,512GB SSD,AMD Ryzen 5,Mid Range Laptop,AMD,Solid State Drive,57999,RelianceDigital.com
269,HP,HP  Victus 16-d0354TX Gaming Laptop ,8GB,512GB SSD,11th Gen Intel Core i5,High End Laptop,Intel,Solid State Drive,75499,RelianceDigital.com
270,Asus,Asus HN075WS TUF A15 Gaming Laptop ,16GB,512GB SSD,AMD Ryzen 7,High End Laptop,AMD,Solid State Drive,82999,RelianceDigital.com
271,HP,HP Pavilion 15-EG2039TU Laptop ,4GB,1TB SSD,12th Gen Intel Core i7,High End Laptop,Intel,Solid State Drive,86999,RelianceDigital.com
272,Asus,Asus KM045WS VivoBook Pro 14 ,16GB,512GB SSD,AMD Ryzen 7,High End Laptop,AMD,Solid State Drive,89999,RelianceDigital.com
273,Lenovo,Lenovo 0FIN Yoga 6 Convertible Laptop ,16GB,512GB SSD,AMD Ryzen 7,High End Laptop,AMD,Solid State Drive,74999,RelianceDigital.com
274,Dell,Dell Inspiron 3515 Laptop ,8GB,512GB SSD,AMD Ryzen 5,Budget Laptop,AMD,Solid State Drive,47999,RelianceDigital.com
275,Apple,Apple MNEQ3HNA MacBook Pro ,8GB,512GB,Apple M2 chip,High End Laptop,Apple,Solid State Drive,149900,RelianceDigital.com
276,Dell,Dell 3511 Inspiron 15 Laptop ,8GB,256GB SSD,11th Gen Intel Core i3,Budget Laptop,Intel,Solid State Drive,42999,RelianceDigital.com
277,Acer,Acer A515-56 Aspire 5 Laptop ,8GB,512GB SSD,11th Gen Intel Core i5,Budget Laptop,Intel,Solid State Drive,48999,RelianceDigital.com
278,HP,HP Pavilion 15-eg2035TU Laptop ,8GB,512GB SSD,12th Gen Intel Core i5,High End Laptop,Intel,Solid State Drive,72999,RelianceDigital.com
279,Acer,Acer SF314-511 Swift 3 Laptop ,8GB,512GB SSD,11th Gen Intel Core i5,Mid Range Laptop,Intel,Solid State Drive,59750,RelianceDigital.com
280,Apple,Apple Z124 MacBook Air ,8GB,256GB,Apple M1 Chip,High End Laptop,Apple,Solid State Drive,112900,RelianceDigital.com
281,Asus,Asus K2067TS ROG Zephyrus G14 Gaming Laptop ,8GB,1TB SSD,AMD Ryzen 7,High End Laptop,AMD,Solid State Drive,72999,RelianceDigital.com
282,Asus,Asus L513WS VivoBook K15 Laptop ,16GB,512GB SSD,11th Gen Intel Core i5,Mid Range Laptop,Intel,Solid State Drive,64999,RelianceDigital.com
283,Apple,Apple MNEH3HNA MacBook Pro ,8GB,512GB,Apple M2 chip,High End Laptop,Apple,Solid State Drive,129900,RelianceDigital.com
284,Apple,Apple MNEJ3HNA MacBook Pro ,8GB,512GB,Apple M2 chip,High End Laptop,Apple,Solid State Drive,149900,RelianceDigital.com
285,Apple,Apple MNEH3HNA MacBook Pro ,8GB,256GB,Apple M2 chip,High End Laptop,Apple,Solid State Drive,129900,RelianceDigital.com
286,Asus,Asus K2331TS ROG Zephyrus G14 Gaming Laptop ,16GB,1TB SSD,AMD Ryzen 9,High End Laptop,AMD,Solid State Drive,142999,RelianceDigital.com
287,Asus,Asus EC312WS VivoBook Flip 14 Convertible Laptop,8GB,512GB SSD,11th Gen Intel Core i3,Mid Range Laptop,Intel,Solid State Drive,51999,RelianceDigital.com
288,Asus,Asus KM531WS ZenBook 14 Laptop ,16GB,512GB SSD,12th Gen Intel Core i5,High End Laptop,Intel,Solid State Drive,89999,RelianceDigital.com
289,Dell,Dell G15 Gaming Laptop ,16GB,512GB SSD,12th Gen Intel Core i7,High End Laptop,Intel,Solid State Drive,112999,RelianceDigital.com
290,Dell,Dell 5410 Inspiron 14 2-in-1 Convertible Laptop ,8GB,256GB SSD,11th Gen Intel Core i3,Mid Range Laptop,Intel,Solid State Drive,53999,RelianceDigital.com
291,Dell,Dell 5511 G15 Gaming Laptop ,8GB,512GB SSD,11th Gen Intel Core i5,High End Laptop,Intel,Solid State Drive,77999,RelianceDigital.com
292,Asus,Asus LD123WS ROG Flow Z13 Gaming Laptop ,16GB,512GB SSD,12th Gen Intel Core i7,High End Laptop,Intel,Solid State Drive,171999,RelianceDigital.com
293,Dell,Dell 5410 Inspiron 14 2-IN-1 Convertible Laptop ,8GB,512GB SSD,11th Gen Intel Core i5,High End Laptop,Intel,Solid State Drive,79499,RelianceDigital.com
294,Asus,Asus HP702WS ZenBook Flip 13 2-in-1 Convertible Laptop ,16GB,512GB SSD,11th Gen Intel Core i7,High End Laptop,Intel,Solid State Drive,106999,RelianceDigital.com
295,Lenovo,Lenovo 8JIN IdeaPad Slim 3 Laptop ,4GB,256GB SSD,10th Gen Intel Core i3,Budget Laptop,Intel,Solid State Drive,30999,RelianceDigital.com
296,HP,HP Pavilion 14-dv1001TU laptop,16GB,512GB SSD,11th Gen Intel Core i5,Mid Range Laptop,Intel,Solid State Drive,67990,RelianceDigital.com
297,HP,HP 14s-dr4000TU Laptop ,16GB,512GB SSD,11th Gen Intel Core i5,Mid Range Laptop,Intel,Solid State Drive,53999,RelianceDigital.com
298,Dell,Dell G15 5511 Gaming Laptop ,16GB,512GB SSD,11th Gen Intel Core i5,High End Laptop,Intel,Solid State Drive,75999,RelianceDigital.com
299,Asus,Asus HN036WS TUF Dash F15 Gaming Laptop ,8GB,512GB SSD,12th Gen Intel Core i5,High End Laptop,Intel,Solid State Drive,90999,RelianceDigital.com
300,Asus,Asus LD049WS ROG Flow Z13 Gaming Laptop ,8GB,512GB SSD,12th Gen Intel Core i5,High End Laptop,Intel,Solid State Drive,136999,RelianceDigital.com
301,HP,HP 14-dv1002TU Pavilion Thin & Light Laptop ,8GB,512GB SSD,11th Gen Intel Core i5,Mid Range Laptop,Intel,Solid State Drive,67400,RelianceDigital.com
302,HP,HP 15s-du3039TU Laptop ,8GB,1TB HDD,11th Gen Intel Core i3,Budget Laptop,Intel,Hard Disk Drive,39999,RelianceDigital.com
303,Lenovo,Lenovo UXIN IdeaPad Gaming 3 Laptop ,8GB,1TB HDD,AMD Ryzen 5,Mid Range Laptop,AMD,Hard Disk Drive,63990,RelianceDigital.com
304,Lenovo,Lenovo 5JIN Yoga 9 Convertible Laptop ,16GB,1TB SSD,11th Gen Intel Core i7,High End Laptop,Intel,Solid State Drive,174999,RelianceDigital.com
305,Lenovo,Lenovo Legion 5 Pro 16ITH6H Laptop ,16GB,1TB SSD,11th Gen Intel Core i7,High End Laptop,Intel,Solid State Drive,159999,RelianceDigital.com
306,HP,HP 15s-du3060TX Laptop ,8GB,1TB HDD,11th Gen Intel Core i5,Mid Range Laptop,Intel,Hard Disk Drive,59499,RelianceDigital.com
307,Lenovo,Lenovo K0IN IdeaPad Slim 5i Laptop ,8GB,512GB SSD,11th Gen Intel Core i5,Mid Range Laptop,Intel,Solid State Drive,64990,RelianceDigital.com
308,Lenovo,Lenovo ADIN IdeaPad Slim 5 Laptop ,8GB,512GB SSD,AMD Ryzen 7,Mid Range Laptop,AMD,Solid State Drive,59499,RelianceDigital.com
309,Asus,Asus EJ311TS Laptop ,4GB,1TB HDD,10th Gen Intel Core i3,Budget Laptop,Intel,Hard Disk Drive,29980,RelianceDigital.com
310,HP,HP 14a-na0003tu ChromeBook ,4GB,64GB eMMC,Intel Celeron,Budget Laptop,Intel,Embedded Multimedia Card,24999,RelianceDigital.com
311,HP,HP 16-e0075AX Victus Gaming Laptop ,8GB,512GB SSD,AMD Ryzen 5,Mid Range Laptop,AMD,Solid State Drive,62999,RelianceDigital.com
312,Asus,Asus EJ562WS Laptop ,16GB,512GB SSD,10th Gen Intel Core i5,Budget Laptop,Intel,Solid State Drive,45999,RelianceDigital.com
313,HP,HP 15-EC2150AX Pavilion Gaming Laptop ,8GB,512GB SSD,AMD Ryzen 5,Mid Range Laptop,AMD,Solid State Drive,62999,RelianceDigital.com
314,Lenovo,Lenovo L2IN IdeaPad 3 Laptop ,8GB,256GB SSD,11th Gen Intel Core i3,Budget Laptop,Intel,Solid State Drive,37499,RelianceDigital.com
315,Asus,Asus EK003W Laptop ,4GB,256GB SSD,Intel Celeron,Budget Laptop,Intel,Solid State Drive,27499,RelianceDigital.com
316,Asus,Asus EK342WS Laptop ,8GB,256GB SSD,11th Gen Intel Core i3,Budget Laptop,Intel,Solid State Drive,34999,RelianceDigital.com
317,Asus,Asus Vivobook 14 EB342WS Laptop ,8GB,256GB SSD,11th Gen Intel Core i3,Budget Laptop,Intel,Solid State Drive,33990,RelianceDigital.com
318,Lenovo,Lenovo EFIN Ideapad 3 Laptop ,8GB,256GB SSD,11th Gen Intel Core i3,Budget Laptop,Intel,Solid State Drive,35990,RelianceDigital.com
319,Lenovo,Lenovo B0IN Ideapad 3 Laptop ,8GB,512GB SSD,10th Gen Intel Core i3,Budget Laptop,Intel,Solid State Drive,36980,RelianceDigital.com
320,Asus,Asus BV311T VivoBook 14 Laptop ,8GB,1TB HDD,10th Gen Intel Core i3,Budget Laptop,Intel,Hard Disk Drive,28990,RelianceDigital.com
321,Lenovo,Lenovo E6IN Ideapad Slim 3 Laptop ,8GB,1TB HDD,10th Gen Intel Core i3,Budget Laptop,Intel,Hard Disk Drive,32499,RelianceDigital.com
322,Lenovo,Lenovo FBIN Ideapad Slim 3 Laptop ,8GB,256GB SSD,11th Gen Intel Core i3,Budget Laptop,Intel,Solid State Drive,37499,RelianceDigital.com
323,Lenovo,Lenovo 95IN Ideapad 1 Laptop ,4GB,256GB SSD,Intel Celeron,Budget Laptop,Intel,Solid State Drive,23890,RelianceDigital.com
324,HP,HP 14-dy0186TU Pavilion x360 Convertible Laptop ,8GB,512GB SSD,11th Gen Intel Core i3,Mid Range Laptop,Intel,Solid State Drive,54999,RelianceDigital.com
325,Lenovo,Lenovo 94IN IdeaPad Flex 5 Convertible Laptop ,8GB,512GB SSD,11th Gen Intel Core i3,Mid Range Laptop,Intel,Solid State Drive,55499,RelianceDigital.com
326,Lenovo,Lenovo B1IN IdeaPad 3 Laptop ,8GB,512GB SSD,10th Gen Intel Core i3,Budget Laptop,Intel,Solid State Drive,36999,RelianceDigital.com
327,Asus,Asus EB572WS X415 Laptop ,8GB,1TB HDD + 256GB SSD,11th Gen Intel Core i5,Budget Laptop,Intel,Hard Disk Drive & Solid State Drive,49999,RelianceDigital.com
328,Lenovo,Lenovo K8IN IdeaPad Slim 3i Laptop ,16GB,512GB SSD,11th Gen Intel Core i3,Budget Laptop,Intel,Solid State Drive,38999,RelianceDigital.com
329,Lenovo,Lenovo D330 IdeaPad 1YIN 2-in-1 Convertible Laptop ,4GB,128GB eMMC,Intel Celeron,Budget Laptop,Intel,Embedded Multimedia Card,20999,RelianceDigital.com
330,Asus,Asus E410 Eeebook ,8GB,256GB SSD,Intel Celeron,Budget Laptop,Intel,Solid State Drive,27499,RelianceDigital.com
331,Lenovo,Lenovo 7KIN IdeaPad Slim 3i Laptop ,4GB,256GB,Intel Celeron,Budget Laptop,Intel,Solid State Drive,27990,RelianceDigital.com
332,Acer,Acer A314-35 Aspire 3 Laptop ,4GB,256GB SSD,Intel Celeron,Budget Laptop,Intel,Solid State Drive,26699,RelianceDigital.com
333,Lenovo,Lenovo V1IN IdeaPad 3 Laptop ,4GB,512GB SSD,11th Gen Intel Core i5,Mid Range Laptop,Intel,Solid State Drive,52999,RelianceDigital.com
334,HP,HP 15s-eq2144au Laptop ,8GB,512GB SSD,AMD Ryzen 5,Budget Laptop,AMD,Solid State Drive,46999,RelianceDigital.com
335,HP,HP 14s-dr2512TU Laptop ,8GB,256GB SSD,11th Gen Intel Core i3,Budget Laptop,Intel,Solid State Drive,37499,RelianceDigital.com
336,HP,HP 14s-dr2514TU Laptop ,8GB,512GB SSD,11th Gen Intel Core i3,Budget Laptop,Intel,Solid State Drive,42999,RelianceDigital.com
337,HP,HP 15S-FR2508TU Laptop ,8GB,512GB SSD,11th Gen Intel Core i3,Budget Laptop,Intel,Solid State Drive,41999,RelianceDigital.com
338,HP,Hp 15s-fq2628TU Laptop ,8GB,512GB SSD,11th Gen Intel Core i3,Budget Laptop,Intel,Solid State Drive,41999,RelianceDigital.com
339,Lenovo,Lenovo E5IN IdeaPad Silm 3i Laptop ,4GB,512GB SSD,10th Gen Intel Core i3,Budget Laptop,Intel,Solid State Drive,36999,RelianceDigital.com
340,HP,HP 14s-dq3033TU Laptop ,8GB,256GB SSD,Intel Pentium Silver N6000,Budget Laptop,Intel,Solid State Drive,31948,RelianceDigital.com
341,HP,Hp 15s-fr5001TU Laptop ,8GB,512GB SSD,12th Gen Intel Core i5,Mid Range Laptop,Intel,Solid State Drive,60999,RelianceDigital.com
342,Lenovo,Lenovo IdeaPad 3 MQIN Laptop ,8GB,256GB SSD,Intel Celeron,Budget Laptop,Intel,Solid State Drive,29990,RelianceDigital.com
343,HP,HP 14s-fq1089AU Laptop ,8GB,512GB SSD,AMD Ryzen 3,Budget Laptop,AMD,Solid State Drive,40999,RelianceDigital.com
344,Lenovo,Lenovo IdeaPad Slim 3 Standard Laptop ,8GB,1TB HDD,10th Gen Intel Core i3,Budget Laptop,Intel,Hard Disk Drive,32999,RelianceDigital.com
345,HP,HP 15-EH2018AU Pavilion Laptop ,8GB,512GB SSD,AMD Ryzen 5,Mid Range Laptop,AMD,Solid State Drive,56999,RelianceDigital.com
346,HP,HP 14-DY0207TU Pavilion x360 Convertible Laptop ,8GB,512GB SSD,11th Gen Intel Core i3,Mid Range Laptop,Intel,Solid State Drive,57999,RelianceDigital.com
347,HP,HP 14-DY1049TU Pavilion x360 Convertible Laptop ,16GB,512GB SSD,11th Gen Intel Core i5,High End Laptop,Intel,Solid State Drive,74999,RelianceDigital.com
348,HP,HP 15-DU3519TX Pavilion Laptop ,8GB,512GB SSD,11th Gen Intel Core i5,Mid Range Laptop,Intel,Solid State Drive,63999,RelianceDigital.com
349,Acer,Acer 15 Nitro 5 Gaming Laptop ,8GB,512GB SSD,11th Gen Intel Core i5,Mid Range Laptop,Intel,Solid State Drive,61990,RelianceDigital.com
350,Asus,Asus BV322WS VivoBook 14 Laptop ,8GB,512GB SSD,10th Gen Intel Core i3,Budget Laptop,Intel,Solid State Drive,35999,RelianceDigital.com
351,Asus,Asus BQ301WS VivoBook 15 Laptop ,8GB,256GB SSD,AMD Ryzen 3,Budget Laptop,AMD,Solid State Drive,34299,RelianceDigital.com
352,HP,HP Pavilion 15-ec2144AX Gaming Laptop ,8GB,512GB SSD,AMD Ryzen 5,Mid Range Laptop,AMD,Solid State Drive,66999,RelianceDigital.com
353,Lenovo,Lenovo ARIN Ideapad G3 Gaming Laptop ,4GB,512GB SSD,10th Gen Intel Core i5,Mid Range Laptop,Intel,Solid State Drive,57999,RelianceDigital.com
354,Asus,Asus EJ312WS Laptop ,8GB,256GB SSD,11th Gen Intel Core i3,Budget Laptop,Intel,Solid State Drive,34999,RelianceDigital.com
355,MSI,MSI Modern 14 B10MW Laptop ,8GB,512GB SSD,10th Gen Intel Core i5,Budget Laptop,Intel,Solid State Drive,44499,RelianceDigital.com
356,MSI,MSI Modern 14 B10MW Laptop ,4GB,256GB SSD,10th Gen Intel Core i3,Budget Laptop,Intel,Solid State Drive,31490,RelianceDigital.com
357,Asus,Asus AU521WS Laptop ,16GB,512GB SSD,11th Gen Intel Core i5,Mid Range Laptop,Intel,Solid State Drive,54999,RelianceDigital.com
358,Asus,Asus EB372WS VivoBook 14 Laptop ,8GB,1TB HDD + 256GB SSD,11th Gen Intel Core i3,Budget Laptop,Intel,Hard Disk Drive & Solid State Drive,41999,RelianceDigital.com
359,Asus,Asus EB502WS Laptop ,8GB,256GB SSD,11th Gen Intel Core i5,Budget Laptop,Intel,Solid State Drive,43999,RelianceDigital.com
360,Acer,Acer EX215 Extensa 15 Laptop ,4GB,256GB SSD,11th Gen Intel Core i3,Budget Laptop,Intel,Solid State Drive,30990,RelianceDigital.com
361,HP,HP 15S-FQ4021TU Laptop ,8GB,512GB SSD,11th Gen Intel Core i5,Mid Range Laptop,Intel,Solid State Drive,52999,RelianceDigital.com
362,Samsung,Samsung Galaxy Book2 Pro Laptop ,8GB,512GB,12th Gen Intel Core i5,High End Laptop,Intel,Solid State Drive,106999,RelianceDigital.com
363,HP,HP 14s-dq3032tu Thin & Light Laptop ,8GB,256GB SSD,Intel Celeron,Budget Laptop,Intel,Solid State Drive,30990,RelianceDigital.com
364,Lenovo,Lenovo 8EIN Ideapad Silm 3i Laptop ,8GB,256GB SSD,10th Gen Intel Core i3,Budget Laptop,Intel,Solid State Drive,32999,RelianceDigital.com
365,Lenovo,Lenovo V2IN IdeaPad Slim 3i Laptop ,8GB,512GB SSD,11th Gen Intel Core i3,Budget Laptop,Intel,Solid State Drive,40999,RelianceDigital.com
366,Asus,Asus BV341T Vivobook 14 Laptop ,8GB,256GB SSD,10th Gen Intel Core i3,Budget Laptop,Intel,Solid State Drive,31649,RelianceDigital.com
367,Lenovo,Lenovo 41IN IdeaPad Slim 3 Laptop ,4GB,256GB SSD,10th Gen Intel Core i3,Budget Laptop,Intel,Solid State Drive,31490,RelianceDigital.com
368,HP,HP 15s-eq2143AU Laptop ,8GB,512GB SSD,AMD Ryzen 3,Budget Laptop,AMD,Solid State Drive,38999,RelianceDigital.com
369,HP,HP 14s-fq1092AU Laptop ,8GB,512GB SSD,AMD Ryzen 5,Budget Laptop,AMD,Solid State Drive,47999,RelianceDigital.com
370,HP,HP 15s-fq4022TU Laptop ,8GB,512GB SSD + 32GB Intel Optane Memory,11th Gen Intel Core i5,Mid Range Laptop,Intel,Solid State Drive & Intel Optane Memory,51990,RelianceDigital.com
371,HP,HP 14-DQ2606TU Laptop ,8GB,512GB SSD,11th Gen Intel Core i3,Budget Laptop,Intel,Solid State Drive,41999,RelianceDigital.com
372,Lenovo,Lenovo IdeaPad 3i 8YIN Laptop ,8GB,1TB HDD,10th Gen Intel Core i3,Budget Laptop,Intel,Hard Disk Drive,32999,RelianceDigital.com
373,Asus,Asus VivoBook 15 EJ502WS Laptop ,8GB,512GB SSD,12th Gen Intel Core i5,Mid Range Laptop,Intel,Solid State Drive,57999,RelianceDigital.com
374,HP,HP 15s-fq2626TU Laptop ,8GB,256GB SSD,11th Gen Intel Core i3,Budget Laptop,Intel,Solid State Drive,36490,RelianceDigital.com
375,HP,HP 15s-fq2627TU Laptop ,8GB,512GB SSD,11th Gen Intel Core i3,Budget Laptop,Intel,Solid State Drive,39990,RelianceDigital.com
376,Asus,Asus Vivobook 14 Laptop ,8GB,1TB HDD,10th Gen Intel Core i3,Budget Laptop,Intel,Hard Disk Drive,28999,RelianceDigital.com
377,Apple,Apple MGN63HNA MacBook Air ,8GB,256GB,Apple M1 Chip,High End Laptop,Apple,Solid State Drive,92900,RelianceDigital.com
378,Apple,Apple MYD82HNA MacBook Pro ,8GB,256GB,Apple M1 Chip,High End Laptop,Apple,Solid State Drive,106699,RelianceDigital.com
379,Lenovo,Lenovo 93IN IdeaPad 3 Laptop ,8GB,256GB SSD,10th Gen Intel Core i3,Budget Laptop,Intel,Solid State Drive,33999,RelianceDigital.com
380,Asus,Asus BQ512TS Vivobook Laptop ,8GB,1TB HDD + 256GB SSD,11th Gen Intel Core i5,Mid Range Laptop,Intel,Hard Disk Drive & Solid State Drive,53999,RelianceDigital.com
381,Apple,Apple MGND3HNA MacBook Air ,8GB,256GB,Apple M1 Chip,High End Laptop,Apple,Solid State Drive,92900,RelianceDigital.com
382,Asus,Asus HN362WS TUF F15 Gaming Laptop ,8GB,512GB SSD,11th Gen Intel Core i5,High End Laptop,Intel,Solid State Drive,79999,RelianceDigital.com
383,Apple,Apple MBPMKGP3HNA MacBook Pro ,16GB,512GB,Apple M1 Pro chip,High End Laptop,Apple,Solid State Drive,183206,RelianceDigital.com
384,Microsoft,Microsoft 1XF-00013 Surface Pro 7+ Convertible Laptop ,8GB,128GB SSD,11th Gen Intel Core i3,High End Laptop,Intel,Solid State Drive,83999,RelianceDigital.com
385,Lenovo,Lenovo 7EIN IdeaPad Slim 3i Laptop ,8GB,512GB SSD,AMD Ryzen 5,Budget Laptop,AMD,Solid State Drive,47999,RelianceDigital.com
386,HP,HP 14-ED0007QU Laptop ,16GB,128GB eMMC,Qualcomm Snapdragon 7C,Budget Laptop,Snapdragon,Embedded Multimedia Card,39999,RelianceDigital.com
387,HP,HP ENVY x360 E13-BD1003TU Convertible Laptop ,16GB,512GB SSD,11th Gen Intel Core i7,High End Laptop,Intel,Solid State Drive,96999,RelianceDigital.com
388,Asus,Asus HQ030WS TUF Dash F15 Gaming Laptop ,8GB,1TB SSD,12th Gen Intel Core i7,High End Laptop,Intel,Solid State Drive,164999,RelianceDigital.com
389,Lenovo,Lenovo J1IN IdeaPad Slim 3i Laptop ,8GB,512GB SSD,11th Gen Intel Core i5,Mid Range Laptop,Intel,Solid State Drive,50999,RelianceDigital.com
390,Lenovo,Lenovo EBIN IdeaPad Slim 3i Laptop ,8GB,512GB SSD,10th Gen Intel Core i3,Budget Laptop,Intel,Solid State Drive,36999,RelianceDigital.com
391,Lenovo,Lenovo A3IN IdeaPad G3 Gaming Laptop ,16GB,512GB SSD,11th Gen Intel Core i5,High End Laptop,Intel,Solid State Drive,75999,RelianceDigital.com
392,Lenovo,Lenovo 49IN IdeaPad 1 Laptop ,8GB,512GB SSD,AMD Ryzen 3,Budget Laptop,AMD,Solid State Drive,39499,RelianceDigital.com
393,Dell,Dell 3511 Inspiron 15 ,8GB,1TB HDD + 256GB SSD,10th Gen Intel Core i3,Budget Laptop,Intel,Hard Disk Drive & Solid State Drive,45199,RelianceDigital.com
394,Microsoft,Microsoft 34.29 cm (13.5 inch) Surface Laptop,8GB,128GB SSD,10th Gen Intel Core i5,High End Laptop,AMD,Solid State Drive,91990,RelianceDigital.com
395,Apple,Apple MacBook Pro MWP52HNA,16GB,1TB,Apple M2 chip,High End Laptop,Apple,Solid State Drive,189053,RelianceDigital.com
396,Asus,Asus ExpertBook P1 (P1440FA) Laptop,8GB,1TB HDD,10th Gen Intel Core i5,Mid Range Laptop,Intel,Hard Disk Drive,62999,RelianceDigital.com
397,HP,HP 15-ek0019TX Omen Gaming Laptop,16GB,1TB HDD,10th Gen Intel Core i7,High End Laptop,Intel,Hard Disk Drive,101199,RelianceDigital.com
398,HP,HP 15-ek0025TX Omen Gaming Laptop,8GB,512GB SSD,10th Gen Intel Core i5,High End Laptop,Intel,Solid State Drive,73999,RelianceDigital.com
399,Dell,Dell 3501 Inspiron 3000 Laptop,8GB,1TB HDD,11th Gen Intel Core i3,Budget Laptop,Intel,Hard Disk Drive,41999,RelianceDigital.com
400,Dell,Dell 3501 Inspiron 3000 Laptop,8GB,256GB SSD,10th Gen Intel Core i3,Budget Laptop,Intel,Solid State Drive,39999,RelianceDigital.com
401,Asus,Asus KA711TS ZenBook Duo (2021) Laptop,16GB,1TB SSD,11th Gen Intel Core i7,High End Laptop,AMD,Solid State Drive,138999,RelianceDigital.com
402,HP,HP 15-ec1023AX Pavilion Gaming Laptop,8GB,1TB HDD + 256GB SSD,AMD Ryzen 5,Mid Range Laptop,AMD,Hard Disk Drive & Solid State Drive,61999,RelianceDigital.com
403,HP,HP 15-ec1106AX Pavilion Gaming Laptop,8GB,512GB SSD,AMD Ryzen 5,Mid Range Laptop,AMD,Solid State Drive,63999,RelianceDigital.com
404,HP,HP 15s-FQ2076TU Laptop,8GB,512GB SSD,11th Gen Intel Core i5,Mid Range Laptop,Intel,Solid State Drive,52999,RelianceDigital.com
405,HP,HP 15-DK2075TX Pavilion Gaming Laptop,16GB,512GB SSD,11th Gen Intel Core i7,High End Laptop,Intel,Solid State Drive,83999,RelianceDigital.com
406,HP,HP 16d0300TX Victus Gaming Laptop,8GB,512GB SSD,11th Gen Intel Core i5,High End Laptop,Intel,Solid State Drive,74999,RelianceDigital.com
407,HP,HP 16d0005TX Victus Gaming Laptop,16GB,512GB SSD,11th Gen Intel Core i7,High End Laptop,Intel,Solid State Drive,100999,RelianceDigital.com
408,Asus,Asus K6464TS ROG Flow X13 Gaming Laptop,16GB,1TB SSD,AMD Ryzen 9,High End Laptop,AMD,Solid State Drive,112999,RelianceDigital.com
409,Dell,Dell 5415 Vostro 14 Laptop,8GB,512GB SSD,AMD Ryzen 5,Mid Range Laptop,AMD,Solid State Drive,57999,RelianceDigital.com
410,Lenovo,Lenovo P4IN Legion 5 Gaming Laptop,8GB,256GB SSD,10th Gen Intel Core i5,High End Laptop,Intel,Solid State Drive,72490,RelianceDigital.com
411,Dell,Dell 9305 XPS 13 Laptop,16GB,512GB SSD,11th Gen Intel Core i5,High End Laptop,Intel,Solid State Drive,115999,RelianceDigital.com
412,Dell,Dell 5310 Inspiron 13 Gaming Laptop,16GB,512GB SSD,11th Gen Intel Core i7,High End Laptop,Intel,Solid State Drive,92499,RelianceDigital.com
413,Asus,Asus KG701TS Zenbook 13 Laptop,16GB,1TB SSD,AMD Ryzen 7,High End Laptop,AMD,Solid State Drive,72499,RelianceDigital.com
414,Lenovo,Lenovo 4DIN Legion 5 Gaming Laptop,8GB,512GB SSD,AMD Ryzen 7,High End Laptop,AMD,Solid State Drive,89499,RelianceDigital.com
415,VAIO,VAIO E15 V2IN007P Laptop,8GB,512GB SSD,AMD Ryzen R5,Budget Laptop,AMD,Solid State Drive,48999,RelianceDigital.com
416,AVITA,AVITA Liber V14 A8INR672-MB Laptop,16GB,1TB SSD,10th Gen Intel Core i7,Mid Range Laptop,Intel,Solid State Drive,58999,RelianceDigital.com
417,HP,HP 15-ec1051AX Pavilion Gaming Laptop,8GB,512GB SSD,AMD Ryzen 5,High End Laptop,AMD,Solid State Drive,72999,RelianceDigital.com
418,Dell,Inspiron 14 Laptop,16GB,512GB SSD,11th Gen Intel Core i7,High End Laptop,Intel,Solid State Drive,84989,Dell.com
419,Dell,Inspiron 15 Laptop,16GB,512GB SSD,11th Gen Intel Core i5,Mid Range Laptop,Intel,Solid State Drive,66989,Dell.com
420,Dell,Inspiron 15 Laptop,8GB,512GB SSD,11th Gen Intel Core i5,Mid Range Laptop,Intel,Solid State Drive,62490,Dell.com
421,Dell,Inspiron 15 Laptop,16GB,512GB SSD,11th Gen Intel Core i5,High End Laptop,Intel,Solid State Drive,70990,Dell.com
422,Dell,XPS 17 Laptop,16GB,1TB SSD,12th Gen Intel Core i7,High End Laptop,Intel,Solid State Drive,274989,Dell.com
423,Dell,XPS 15 Laptop,16GB,512GB SSD,12th Gen Intel Core i7,High End Laptop,Intel,Solid State Drive,233990,Dell.com
424,Dell,G15 Gaming Laptop,16GB,1TB SSD,12th Gen Intel Core i7,High End Laptop,Intel,Solid State Drive,166790,Dell.com
425,Dell,G15 Gaming Laptop,16GB,1TB SSD,12th Gen Intel Core i7,High End Laptop,Intel,Solid State Drive,140990,Dell.com
426,Dell,G15 Gaming Laptop,16GB,512GB SSD,12th Gen Intel Core i7,High End Laptop,Intel,Solid State Drive,130789,Dell.com
427,Dell,G15 Gaming Laptop,16GB,512GB SSD,12th Gen Intel Core i7,High End Laptop,Intel,Solid State Drive,107490,Dell.com
428,Dell,New Inspiron 16 laptop,16GB,512GB SSD,12th Gen Intel Core i7,High End Laptop,Intel,Solid State Drive,89489,Dell.com
429,Dell,New Inspiron 14 Laptop,16GB,1TB SSD,12th Gen Intel Core i7,High End Laptop,Intel,Solid State Drive,87490,Dell.com
430,Dell,Inspiron 15 Plus Laptop,16GB,512GB SSD,11th Gen Intel Core i7,High End Laptop,Intel,Solid State Drive,114989,Dell.com
431,Dell,ALIENWARE M15 R7 GAMING LAPTOP,16GB,1TB SSD,12th Gen Intel Core i7,High End Laptop,Intel,Solid State Drive,219989,Dell.com
432,Dell,ALIENWARE M15 R7 GAMING LAPTOP,16GB,512GB SSD,12th Gen Intel Core i7,High End Laptop,Intel,Solid State Drive,169989,Dell.com
433,Dell,Inspiron 14 2-in-1 Laptop,16GB,512GB SSD,12th Gen Intel Core i7,High End Laptop,Intel,Solid State Drive,96890,Dell.com
434,Dell,XPS 13 Laptop,16GB,512GB SSD,11th Gen Intel Core i5,High End Laptop,Intel,Solid State Drive,99989,Dell.com
435,Dell,Inspiron 15 Laptop,16GB,512GB SSD,11th Gen Intel Core i5,High End Laptop,Intel,Solid State Drive,70489,Dell.com
436,Dell,XPS 15 Laptop,32GB,1TB SSD,12th Gen Intel Core i7,High End Laptop,Intel,Solid State Drive,249990,Dell.com
437,Dell,G15 Gaming Laptop,16GB,512GB SSD,11th Gen Intel Core i5,High End Laptop,Intel,Solid State Drive,75790,Dell.com
438,Dell,G15 Gaming Laptop,16GB,512GB SSD,AMD Ryzen 5,High End Laptop,AMD,Solid State Drive,77990,Dell.com
439,Dell,G15 Gaming Laptop,16GB,512GB SSD,12th Gen Intel Core i5,High End Laptop,Intel,Solid State Drive,90989,Dell.com
440,Dell,Inspiron 14 Laptop,16GB,512GB SSD,AMD Ryzen 5,Mid Range Laptop,AMD,Solid State Drive,64489,Dell.com
441,Dell,G15 Gaming Laptop,16GB,512GB SSD,AMD Ryzen 7,High End Laptop,AMD,Solid State Drive,128989,Dell.com
442,Dell,G15 Gaming Laptop,16GB,512GB SSD,AMD Ryzen 7,High End Laptop,AMD,Solid State Drive,96289,Dell.com
443,Dell,Inspiron 14 Laptop,16GB,512GB SSD,AMD Ryzen 7,High End Laptop,AMD,Solid State Drive,72989,Dell.com
444,Dell,Inspiron 14 Laptop,16GB,512GB SSD,11th Gen Intel Core i5,Mid Range Laptop,Intel,Solid State Drive,69990,Dell.com
445,Dell,Inspiron 16 laptop,16GB,512GB SSD,AMD Ryzen 5,High End Laptop,AMD,Solid State Drive,70489,Dell.com
446,Dell,Inspiron 16 laptop,16GB,512GB SSD,AMD Ryzen 7,High End Laptop,AMD,Solid State Drive,78990,Dell.com
447,Dell,Inspiron 15 Laptop,16GB,512GB SSD,11th Gen Intel Core i5,Mid Range Laptop,Intel,Solid State Drive,67989,Dell.com
448,Dell,Inspiron 14 Laptop,16GB,512GB SSD,AMD Ryzen 7,Mid Range Laptop,AMD,Solid State Drive,68989,Dell.com
449,Dell,New Inspiron 14 Laptop,16GB,512GB SSD,12th Gen Intel Core i5,High End Laptop,Intel,Solid State Drive,72490,Dell.com
450,Dell,Inspiron 15 3000 laptop,16GB,512GB SSD,11th Gen Intel Core i5,Mid Range Laptop,Intel,Solid State Drive,62489,Dell.com
451,Dell,New Inspiron 16 laptop,16GB,512GB SSD,12th Gen Intel Core i5,Mid Range Laptop,Intel,Solid State Drive,69989,Dell.com
452,Dell,New Inspiron 16 laptop,16GB,512GB SSD,12th Gen Intel Core i5,High End Laptop,Intel,Solid State Drive,77489,Dell.com
453,Dell,Inspiron 15 Plus Laptop,16GB,512GB SSD,11th Gen Intel Core i5,High End Laptop,Intel,Solid State Drive,99989,Dell.com
454,Dell,New Inspiron 14 Laptop,16GB,512GB SSD,12th Gen Intel Core i5,High End Laptop,Intel,Solid State Drive,72490,Dell.com
455,Dell,New Inspiron 14 Laptop,16GB,512GB SSD,12th Gen Intel Core i5,High End Laptop,Intel,Solid State Drive,74990,Dell.com
456,Dell,New Inspiron 14 Laptop,16GB,512GB SSD,12th Gen Intel Core i5,High End Laptop,Intel,Solid State Drive,72490,Dell.com
457,Dell,ALIENWARE M15 R6 GAMING LAPTOP,32GB,1TB SSD,11th Gen Intel Core i7,High End Laptop,Intel,Solid State Drive,229989,Dell.com
458,Dell,ALIENWARE M15 R7 GAMING LAPTOP,32GB,1TB SSD,12th Gen Intel Core i7,High End Laptop,Intel,Solid State Drive,274988,Dell.com
459,Dell,Inspiron 14 2-in-1 Laptop,16GB,512GB SSD,12th Gen Intel Core i5,High End Laptop,Intel,Solid State Drive,80789,Dell.com
460,Dell,Inspiron 14 2-in-1 Laptop,16GB,512GB SSD,AMD Ryzen 7,High End Laptop,AMD,Solid State Drive,91389,Dell.com
461,Dell,ALIENWARE M15 RYZEN EDITION R5 GAMING LAPTOP,16GB,512GB SSD,AMD Ryzen R7 5800H,High End Laptop,AMD,Solid State Drive,144990,Dell.com
462,Dell,ALIENWARE M15 RYZEN EDITION R5 GAMING LAPTOP,16GB,512GB SSD,AMD Ryzen R7 5800H,High End Laptop,AMD,Solid State Drive,129989,Dell.com
463,Dell,ALIENWARE X15 GAMING LAPTOP,16GB,1TB SSD,12th Gen Intel Core i7,High End Laptop,Intel,Solid State Drive,249989,Dell.com
464,Dell,ALIENWARE X14 GAMING LAPTOP,16GB,512GB SSD,12th Gen Intel Core i7,High End Laptop,Intel,Solid State Drive,170989,Dell.com
465,Dell,Vostro 3510 Laptop,8GB,256GB SSD,11th Gen Intel Core i3,Budget Laptop,Intel,Solid State Drive,39989,Dell.com
466,Dell,Vostro 3510 Laptop,8GB,256GB SSD,Intel Pentium Gold,Budget Laptop,Intel,Solid State Drive,34990,Dell.com
467,Dell,XPS 17 Laptop,32GB,1TB SSD,12th Gen Intel Core i9,High End Laptop,Intel,Solid State Drive,329990,Dell.com
468,Dell,G15 Gaming Laptop,8GB,512GB SSD,AMD Ryzen 5,High End Laptop,AMD,Solid State Drive,70990,Dell.com
469,Dell,Inspiron 14 Laptop,8GB,512GB SSD,11th Gen Intel Core i3,Budget Laptop,Intel,Solid State Drive,48489,Dell.com
470,Dell,Inspiron 15 Laptop,8GB,512GB SSD,11th Gen Intel Core i5,Mid Range Laptop,Intel,Solid State Drive,66990,Dell.com
471,Dell,Inspiron 14 Laptop,8GB,512GB SSD,11th Gen Intel Core i5,Mid Range Laptop,Intel,Solid State Drive,64989,Dell.com
472,Dell,Inspiron 14 Laptop,8GB,512GB SSD,AMD Ryzen 5,Mid Range Laptop,AMD,Solid State Drive,56990,Dell.com
473,Dell,Inspiron 14 Laptop,8GB,512GB SSD,AMD Ryzen 5,Mid Range Laptop,AMD,Solid State Drive,60989,Dell.com
474,Dell,New Inspiron 14 Laptop,8GB,512GB SSD,12th Gen Intel Core i3,Mid Range Laptop,Intel,Solid State Drive,51989,Dell.com
475,Dell,Inspiron 15 3000 laptop,8GB,512GB SSD,11th Gen Intel Core i3,Budget Laptop,Intel,Solid State Drive,44489,Dell.com
476,Dell,Inspiron 15 3000 Laptop,8GB,256GB SSD,AMD Athlon,Budget Laptop,AMD,Solid State Drive,33490,Dell.com
477,Dell,Inspiron 15 3000 Laptop,8GB,256GB SSD,Intel Pentium,Budget Laptop,Intel,Solid State Drive,34589,Dell.com
478,Apple,APPLE MacBook Air M1 ,8GB,512GB SSD,Apple M1 Processor,High End Laptop,Apple,Solid State Drive,106990,Flipkart.com
479,Apple,APPLE 2020 Macbook Air M1 ,8GB,256GB SSD,Apple M1 Processor,High End Laptop,Apple,Solid State Drive,92900,Flipkart.com
480,Apple,APPLE 2020 Macbook Air M1 ,8GB,512GB SSD,Apple M1 Processor,High End Laptop,Apple,Solid State Drive,111490,Flipkart.com
481,Apple,APPLE 2020 Macbook Air M1 ,8GB,256GB SSD,Apple M1 Processor,High End Laptop,Apple,Solid State Drive,92900,Flipkart.com
482,Apple,APPLE 2022 MacBook Pro M2 ,8GB,256GB SSD,Apple M2 Processor,High End Laptop,Apple,Solid State Drive,129900,Flipkart.com
483,Apple,APPLE 2022 MacBook Pro M2 ,8GB,512GB SSD,Apple M2 Processor,High End Laptop,Apple,Solid State Drive,149900,Flipkart.com
484,Apple,APPLE 2021 Macbook Pro M1 Pro ,16GB,512GB SSD,Apple M1 Pro Processor,High End Laptop,Apple,Solid State Drive,225990,Flipkart.com
485,Apple,APPLE 2020 Macbook Air M1 ,8GB,512GB SSD,Apple M1 Processor,High End Laptop,Apple,Solid State Drive,112490,Flipkart.com
486,Apple,APPLE 2022 MacBook Pro M2 ,8GB,512GB SSD,Apple M2 Processor,High End Laptop,Apple,Solid State Drive,149900,Flipkart.com
487,Apple,APPLE 2020 Macbook Pro M1 ,8GB,256GB SSD,Apple M1 Processor,High End Laptop,Apple,Solid State Drive,116990,Flipkart.com
488,Apple,APPLE 2022 MacBook Pro M2 ,8GB,256GB SSD,Apple M2 Processor,High End Laptop,Apple,Solid State Drive,129900,Flipkart.com
489,Apple,APPLE 2020 Macbook Pro M1 ,8GB,512GB SSD,Apple M1 Processor,High End Laptop,Apple,Solid State Drive,132990,Flipkart.com
490,Apple,APPLE MacBook Air M1 ,8GB,512GB SSD,Apple M1 Processor,High End Laptop,Apple,Solid State Drive,106990,Flipkart.com
491,Apple,APPLE 2020 Macbook Air M1 ,8GB,256GB SSD,Apple M1 Processor,High End Laptop,Apple,Solid State Drive,92900,Flipkart.com
492,Apple,APPLE MacBook Pro with Touch Bar Core i5 10th Gen ,16GB,1TB SSD,Intel Core i5,High End Laptop,Apple,Solid State Drive,174990,Flipkart.com
493,Apple,APPLE 2021 Macbook Pro M1 Pro ,16GB,1TB SSD,Apple M1 Pro Processor,High End Laptop,Apple,Solid State Drive,239990,Flipkart.com
494,Apple,APPLE MacBook Pro with Touch Bar Core i5 10th Gen ,16GB,1TB SSD,Intel Core i5,High End Laptop,Apple,Solid State Drive,174990,Flipkart.com
495,Apple,APPLE MacBook Pro M1 ,8GB,1TB SSD,Apple M1 Processor,High End Laptop,Apple,Solid State Drive,149990,Flipkart.com
496,Apple,APPLE MacBook Air Core i5 10th Gen ,8GB,512GB SSD,Intel Core i5,High End Laptop,Apple,Solid State Drive,104990,Flipkart.com
497,Apple,APPLE 2021 Macbook Pro M1 Pro ,16GB,1TB SSD,Apple M1 Pro Processor,High End Laptop,Apple,Solid State Drive,225990,Flipkart.com
498,Apple,APPLE MacBook Pro Core i5 8th Gen ,8GB,512GB SSD,Intel Core i5,High End Laptop,Apple,Solid State Drive,162990,Flipkart.com
499,Lenovo,Lenovo IdeaPad 3 Core i3 11th Gen ,8GB,512GB SSD,Intel Core i3,Budget Laptop,Intel,Solid State Drive,38490,Flipkart.com
500,Lenovo,Lenovo IdeaPad 3 Core i3 10th Gen ,8GB,256GB SSD,Intel Core i3,Budget Laptop,Intel,Solid State Drive,33490,Flipkart.com
501,Lenovo,Lenovo IdeaPad Core i3 11th Gen ,8GB,512GB SSD,Intel Core i3,Budget Laptop,Intel,Solid State Drive,38490,Flipkart.com
502,Lenovo,Lenovo IdeaPad 3 Celeron Dual Core 4th Gen ,4GB,256GB SSD,Intel Celeron,Budget Laptop,Intel,Solid State Drive,27990,Flipkart.com
503,Lenovo,Lenovo Ideapad Slim 5i Core i5 11th Gen ,16GB,512GB SSD,Intel Core i5,Mid Range Laptop,Intel,Solid State Drive,64990,Flipkart.com
504,Lenovo,Lenovo IdeaPad 3 Ryzen 5 Hexa Core 5500U ,8GB,512GB SSD,AMD Ryzen 5,Budget Laptop,AMD,Solid State Drive,47990,Flipkart.com
505,Lenovo,Lenovo IdeaPad 3 Core i3 10th Gen ,8GB,256GB SSD,Intel Core i3,Budget Laptop,Intel,Solid State Drive,33490,Flipkart.com
506,Lenovo,Lenovo IdeaPad 3 Core i3 11th Gen ,8GB,256GB SSD,Intel Core i3,Budget Laptop,Intel,Solid State Drive,36990,Flipkart.com
507,Lenovo,Lenovo IdeaPad Gaming 3 Core i5 10th Gen ,8GB,512GB SSD,Intel Core i5,Mid Range Laptop,Intel,Solid State Drive,53490,Flipkart.com
508,Lenovo,Lenovo IdeaPad 3 Core i5 11th Gen ,8GB,512GB SSD,Intel Core i5,Mid Range Laptop,Intel,Solid State Drive,51990,Flipkart.com
509,Lenovo,Lenovo IdeaPad 3 Core i3 11th Gen ,8GB,512GB SSD,Intel Core i3,Budget Laptop,Intel,Solid State Drive,41990,Flipkart.com
510,Lenovo,Lenovo Core i3 10th Gen ,8GB,512GB SSD,Intel Core i3,Budget Laptop,Intel,Solid State Drive,36990,Flipkart.com
511,Lenovo,Lenovo IdeaPad 3 Core i5 10th Gen ,8GB,512GB SSD,Intel Core i5,Budget Laptop,Intel,Solid State Drive,49990,Flipkart.com
512,Lenovo,Lenovo Ideapad Slim 3i (2021) Core i5 11th Gen ,8GB,512GB SSD,Intel Core i5,Mid Range Laptop,Intel,Solid State Drive,53990,Flipkart.com
513,Lenovo,Lenovo Legion 5 Ryzen 5 Hexa Core 4600H ,8GB,1TB HDD + 256GB SSD,AMD Ryzen 5,Mid Range Laptop,AMD,Hard Disk Drive & Solid State Drive,60990,Flipkart.com
514,Lenovo,Lenovo IdeaPad 3 Core i5 10th Gen ,8GB,512GB SSD,Intel Core i5,Budget Laptop,Intel,Solid State Drive,48490,Flipkart.com
515,Lenovo,Lenovo IdeaPad Core i3 10th Gen ,4GB,256GB SSD,Intel Core i3,Budget Laptop,Intel,Solid State Drive,31490,Flipkart.com
516,Lenovo,Lenovo Ideapad S145 Core i3 10th Gen ,8GB,256GB SSD,Intel Core i3,Budget Laptop,Intel,Solid State Drive,36490,Flipkart.com
517,Lenovo,Lenovo Core i3 10th Gen ,4GB,256GB SSD,Intel Core i3,Budget Laptop,Intel,Solid State Drive,32990,Flipkart.com
518,Lenovo,Lenovo IdeaPad Core i5 11th Gen ,16GB,512GB SSD,Intel Core i5,Mid Range Laptop,Intel,Solid State Drive,64990,Flipkart.com
519,Lenovo,Lenovo Core i3 11th Gen ,4GB,1TB HDD,Intel Core i3,Budget Laptop,Intel,Hard Disk Drive,33990,Flipkart.com
520,Lenovo,Lenovo IdeaPad Flex 5 Ryzen 5 Hexa Core 5500U ,8GB,512GB SSD,AMD Ryzen 5,Mid Range Laptop,AMD,Solid State Drive,61990,Flipkart.com
521,Lenovo,Lenovo IdeaPad Flex 5 Core i3 11th Gen ,8GB,512GB SSD,Intel Core i3,Mid Range Laptop,Intel,Solid State Drive,58990,Flipkart.com
522,Lenovo,Lenovo APU Dual Core A9 A99425 ,4GB,1TB HDD,AMD APU Dual Core A9,Budget Laptop,AMD,Hard Disk Drive,26990,Flipkart.com
523,Lenovo,Lenovo Thinkpad Ryzen 5 Hexa Core 5600U ,8GB,512GB SSD,AMD Ryzen 5,Mid Range Laptop,AMD,Solid State Drive,56990,Flipkart.com
524,Lenovo,Lenovo IdeaPad Ryzen 5 Hexa Core 5500U ,8GB,512GB SSD,AMD Ryzen 5,Mid Range Laptop,AMD,Solid State Drive,50990,Flipkart.com
525,Lenovo,Lenovo Ideapad Slim 3i (2021) Core i5 11th Gen ,8GB,256GB SSD,Intel Core i5,Budget Laptop,Intel,Solid State Drive,49990,Flipkart.com
526,Lenovo,Lenovo Core i3 10th Gen ,8GB,1TB HDD,Intel Core i3,Budget Laptop,Intel,Hard Disk Drive,32990,Flipkart.com
527,Lenovo,Lenovo ThinkBook 13s Core i5 11th Gen ,8GB,512GB SSD,Intel Core i5,Mid Range Laptop,Intel,Solid State Drive,54990,Flipkart.com
528,Lenovo,Lenovo IdeaPad Gaming 3 Ryzen 5 Hexa Core 5600H ,8GB,512GB SSD,AMD Ryzen 5,Mid Range Laptop,AMD,Solid State Drive,69990,Flipkart.com
529,Lenovo,Lenovo Ideapad Flex 5 Core i3 11th Gen ,8GB,256GB SSD,Intel Core i3,Mid Range Laptop,Intel,Solid State Drive,57200,Flipkart.com
530,Lenovo,Lenovo Legion 5 Core i5 10th Gen ,8GB,512GB SSD,Intel Core i5,Mid Range Laptop,Intel,Solid State Drive,66490,Flipkart.com
531,Lenovo,Lenovo IdeaPad 3 Core i3 11th Gen ,8GB,512GB SSD,Intel Core i3,Budget Laptop,Intel,Solid State Drive,44490,Flipkart.com
532,Lenovo,Lenovo Ideapad Slim 5i Core i5 11th Gen ,16GB,512GB SSD,Intel Core i5,High End Laptop,Intel,Solid State Drive,70990,Flipkart.com
533,Lenovo,Lenovo Legion 5 Ryzen 7 Octa Core 5800H ,16GB,1TB SSD,AMD Ryzen 7,High End Laptop,AMD,Solid State Drive,130990,Flipkart.com
534,Lenovo,Lenovo IdeaPad Slim 3i (2021) Core i3 11th Gen ,8GB,256GB SSD,Intel Core i3,Budget Laptop,Intel,Solid State Drive,43990,Flipkart.com
535,Lenovo,Lenovo Ideapad Slim 5 Ryzen 7 Octa Core 4700U ,8GB,512GB SSD,AMD Ryzen 7,Mid Range Laptop,AMD,Solid State Drive,58990,Flipkart.com
536,Lenovo,Lenovo IdeaPad 3 Celeron Dual Core ,4GB,256GB SSD,Intel Celeron,Budget Laptop,Intel,Solid State Drive,30799,Flipkart.com
537,Lenovo,Lenovo IdeaPad Gaming Ryzen 5 Hexa Core 4600H ,8GB,512GB SSD,AMD Ryzen 5,Mid Range Laptop,AMD,Solid State Drive,62990,Flipkart.com
538,Lenovo,Lenovo IdeaPad 5 Core i5 11th Gen ,16GB,512GB SSD,Intel Core i5,Mid Range Laptop,Intel,Solid State Drive,64990,Flipkart.com
539,Lenovo,Lenovo Legion 5 Core i7 11th Gen ,16GB,512GB SSD,Intel Core i7,High End Laptop,Intel,Solid State Drive,94990,Flipkart.com
540,Lenovo,Lenovo ThinkPad E15 Core i5 11th Gen ,8GB,512GB SSD,Intel Core i5,Mid Range Laptop,Intel,Solid State Drive,63990,Flipkart.com
541,Lenovo,Lenovo IdeaPad 5 Pro Core i5 11th Gen ,16GB,512GB SSD,Intel Core i5,Mid Range Laptop,Intel,Solid State Drive,67990,Flipkart.com
542,Lenovo,Lenovo Legion 5 Pro Core i7 11th Gen ,16GB,1TB SSD,Intel Core i7,High End Laptop,Intel,Solid State Drive,157990,Flipkart.com
543,Lenovo,Lenovo Core i5 11th Gen ,16GB,512GB SSD,Intel Core i5,High End Laptop,Intel,Solid State Drive,77990,Flipkart.com
544,Lenovo,Lenovo Ideapad Flex 5 Core i3 11th Gen ,8GB,512GB SSD,Intel Core i3,Mid Range Laptop,Intel,Solid State Drive,56999,Flipkart.com
545,Lenovo,Lenovo ThinkPad E15 Core i5 11th Gen ,8GB,512GB SSD,Intel Core i5,Mid Range Laptop,Intel,Solid State Drive,67990,Flipkart.com
546,Lenovo,Lenovo Core i5 11th Gen ,8GB,512GB SSD,Intel Core i5,Mid Range Laptop,Intel,Solid State Drive,54990,Flipkart.com
547,Lenovo,Lenovo Ideapad Slim3 Core i3 11th Gen ,8GB,256GB SSD,Intel Core i3,Budget Laptop,Intel,Solid State Drive,38990,Flipkart.com
548,Lenovo,Lenovo IdeaPad 1 Celeron Dual Core 4th Gen ,4GB,256GB SSD,Intel Celeron,Budget Laptop,Intel,Solid State Drive,27990,Flipkart.com
549,Lenovo,Lenovo Thinkbook Convertible Core i7 11th Gen ,16GB,512GB SSD,Intel Core i7,High End Laptop,Intel,Solid State Drive,84990,Flipkart.com
550,Lenovo,Lenovo Core i7 9th Gen ,16GB,1TB SSD,Intel Core i7,High End Laptop,Intel,Solid State Drive,229900,Flipkart.com
551,Lenovo,Lenovo ThinkPad E15 Core i3 11th Gen ,4GB,256GB SSD,Intel Core i3,Budget Laptop,Intel,Solid State Drive,44990,Flipkart.com
552,Lenovo,Lenovo IdeaPad 3 15IML05 Core i3 10th Gen ,8GB,256GB SSD,Intel Core i3,Budget Laptop,Intel,Solid State Drive,32990,Flipkart.com
553,Lenovo,Lenovo IdeaPad 5 Pro Core i5 11th Gen ,16GB,512GB SSD,Intel Core i5,High End Laptop,Intel,Solid State Drive,72990,Flipkart.com
554,Lenovo,Lenovo Yoga 6 Ryzen 5 Hexa Core 5500U ,16GB,512GB SSD,AMD Ryzen 5,High End Laptop,AMD,Solid State Drive,75990,Flipkart.com
555,Lenovo,Lenovo IdeaPad Flex 5 Core i3 11th Gen ,8GB,512GB SSD,Intel Core i3,Mid Range Laptop,Intel,Solid State Drive,58990,Flipkart.com
556,Lenovo,Lenovo Yoga Slim 7 Intel EVO Core i7 11th Gen ,16GB,1TB SSD,Intel Core i7,High End Laptop,Intel,Solid State Drive,102990,Flipkart.com
557,Lenovo,Lenovo IdeaPad Gaming 3 Core i5 11th Gen ,8GB,512GB SSD,Intel Core i5,Mid Range Laptop,Intel,Solid State Drive,65990,Flipkart.com
558,Lenovo,Lenovo Yoga Slim 7 Intel EVO Core i5 11th Gen ,16GB,512GB SSD,Intel Core i5,High End Laptop,Intel,Solid State Drive,87990,Flipkart.com
559,Lenovo,Lenovo IdeaPad 3 Chromebook Celeron Dual Core ,4GB,1TB HDD + 256GB SSD,Intel Celeron,Budget Laptop,Intel,Hard Disk Drive & Solid State Drive,19990,Flipkart.com
560,Lenovo,Lenovo Ideapad Slim 3i (2021) Core i5 11th Gen ,8GB,512GB SSD,Intel Core i5,Mid Range Laptop,Intel,Solid State Drive,57990,Flipkart.com
561,Lenovo,Lenovo Yoga Slim 7 Core i5 10th Gen ,8GB,512GB SSD,Intel Core i5,High End Laptop,Intel,Solid State Drive,74990,Flipkart.com
562,Lenovo,Lenovo IdeaPad 3 Core i3 10th Gen ,8GB,256GB SSD,Intel Core i3,Budget Laptop,Intel,Solid State Drive,36999,Flipkart.com
563,Lenovo,Lenovo Ideapad Slim 3i Core i5 11th Gen ,8GB,256GB SSD,Intel Core i5,Mid Range Laptop,Intel,Solid State Drive,54699,Flipkart.com
564,Lenovo,Lenovo Lenovo Legion 5 Pro Ryzen 7 Octa Core 5800H ,16GB,1TB SSD,AMD Ryzen 7,High End Laptop,AMD,Solid State Drive,142990,Flipkart.com
565,Lenovo,Lenovo Legion Core i5 9th Gen ,8GB,1TB HDD + 256GB SSD,Intel Core i5,Mid Range Laptop,Intel,Hard Disk Drive & Solid State Drive,65990,Flipkart.com
566,Lenovo,Lenovo Yoga 6 Ryzen 7 Octa Core 5700U ,16GB,512GB SSD,AMD Ryzen 7,High End Laptop,AMD,Solid State Drive,80990,Flipkart.com
567,Lenovo,Lenovo Ideapad Slim 5 Ryzen 7 Octa Core 5700U ,8GB,512GB SSD,AMD Ryzen 7,Mid Range Laptop,AMD,Solid State Drive,63990,Flipkart.com
568,Lenovo,Lenovo Ideapad Gaming 3 Ryzen 5 Hexa Core 5600H ,16GB,512GB SSD,AMD Ryzen 5,High End Laptop,AMD,Solid State Drive,77490,Flipkart.com
569,Lenovo,Lenovo Legion 5 Ryzen 5 Hexa Core 5600H ,8GB,512GB SSD,AMD Ryzen 5,High End Laptop,AMD,Solid State Drive,74999,Flipkart.com
570,Lenovo,Lenovo IdeaPad Gaming Core i7 10th Gen ,8GB,512GB SSD,Intel Core i7,High End Laptop,Intel,Solid State Drive,75990,Flipkart.com
571,HP,HP Core i3 11th Gen ,8GB,256GB SSD,Intel Core i3,Budget Laptop,Intel,Solid State Drive,38490,Flipkart.com
572,HP,HP HP Pavilion Ryzen 5 Hexa Core 4600H ,8GB,512GB SSD,AMD Ryzen 5,Mid Range Laptop,AMD,Solid State Drive,60950,Flipkart.com
573,HP,HP Ryzen 3 Dual Core 3250U ,8GB,256GB SSD,AMD Ryzen 3,Budget Laptop,AMD,Solid State Drive,35990,Flipkart.com
574,HP,HP Ryzen 5 Hexa Core 5500U ,8GB,512GB SSD,AMD Ryzen 5,Budget Laptop,AMD,Solid State Drive,48990,Flipkart.com
575,HP,HP Core i3 11th Gen ,8GB,256GB SSD,Intel Core i3,Budget Laptop,Intel,Solid State Drive,36490,Flipkart.com
576,HP,HP Ryzen 7 Octa Core 5700U ,8GB,512GB SSD,AMD Ryzen 7,Mid Range Laptop,AMD,Solid State Drive,56990,Flipkart.com
577,HP,HP Notebook PC Core i3 11th Gen ,8GB,1TB HDD,Intel Core i3,Budget Laptop,Intel,Hard Disk Drive,36990,Flipkart.com
578,HP,HP Core i3 11th Gen ,8GB,512GB SSD,Intel Core i3,Budget Laptop,Intel,Solid State Drive,39990,Flipkart.com
579,HP,HP Core i3 11th Gen ,8GB,512GB SSD,Intel Core i3,Budget Laptop,Intel,Solid State Drive,41397,Flipkart.com
580,HP,HP 15s Ryzen 3 Dual Core 3250U ,8GB,1TB HDD + 256GB SSD,AMD Ryzen 3,Budget Laptop,AMD,Hard Disk Drive & Solid State Drive,38999,Flipkart.com
581,HP,HP Core i3 11th Gen ,8GB,512GB SSD,Intel Core i3,Budget Laptop,Intel,Solid State Drive,42990,Flipkart.com
582,HP,HP Core i3 11th Gen ,8GB,512GB SSD,Intel Core i3,Budget Laptop,Intel,Solid State Drive,39990,Flipkart.com
583,HP,HP Core i5 11th Gen ,8GB,512GB SSD,Intel Core i5,Mid Range Laptop,Intel,Solid State Drive,53990,Flipkart.com
584,HP,HP Ryzen 5 Hexa Core 5500U ,8GB,512GB SSD,AMD Ryzen 5,Budget Laptop,AMD,Solid State Drive,47490,Flipkart.com
585,HP,HP Pavilion x360 Core i3 11th Gen ,8GB,512GB SSD,Intel Core i3,Mid Range Laptop,Intel,Solid State Drive,53990,Flipkart.com
586,HP,HP Core i5 11th Gen ,8GB,512GB SSD,Intel Core i5,Mid Range Laptop,Intel,Solid State Drive,50990,Flipkart.com
587,HP,HP Ryzen 5 Octa Core 3500u ,8GB,1TB HDD,AMD Ryzen 5,Budget Laptop,AMD,Hard Disk Drive,39980,Flipkart.com
588,HP,HP Pavilion Ryzen 5 Hexa Core 5600H ,8GB,512GB SSD,AMD Ryzen 5,Mid Range Laptop,AMD,Solid State Drive,59990,Flipkart.com
589,HP,HP Pavilion Aero Ryzen 5 Hexa Core 5600U ,16GB,512GB SSD,AMD Ryzen 5,Mid Range Laptop,AMD,Solid State Drive,64490,Flipkart.com
590,HP,HP Pavilion Ryzen 5 Hexa Core 5500U ,8GB,512GB SSD,AMD Ryzen 5,Mid Range Laptop,AMD,Solid State Drive,53990,Flipkart.com
591,HP,HP Laptop 255 G8 Notebook Ryzen 3 Dual Core AMD Ryzen 3,8GB,1TB HDD,AMD Ryzen 3,Budget Laptop,AMD,Hard Disk Drive,29790,Flipkart.com
592,HP,HP Ryzen 3 Quad Core 5300U ,8GB,512GB SSD,AMD Ryzen 3,Budget Laptop,AMD,Solid State Drive,38490,Flipkart.com
593,HP,HP Pavilion Ryzen 7 Octa Core 5825U ,16GB,512GB SSD,AMD Ryzen 7,Mid Range Laptop,AMD,Solid State Drive,69999,Flipkart.com
594,HP,HP Pentium Quad Core ,8GB,256GB SSD,Intel Pentium,Budget Laptop,Intel,Solid State Drive,32490,Flipkart.com
595,HP,HP Ryzen 3 Quad Core 5300U ,8GB,512GB SSD,AMD Ryzen 3,Budget Laptop,AMD,Solid State Drive,38990,Flipkart.com
596,HP,HP Pavilion Ryzen 5 Hexa Core 5625U ,8GB,512GB SSD,AMD Ryzen 5,Mid Range Laptop,AMD,Solid State Drive,52999,Flipkart.com
597,HP,HP Pavilion Core i5 11th Gen ,8GB,512GB SSD,Intel Core i5,Mid Range Laptop,Intel,Solid State Drive,60990,Flipkart.com
598,HP,HP Celeron Dual Core ,8GB,256GB SSD,Intel Celeron,Budget Laptop,Intel,Solid State Drive,30990,Flipkart.com
599,HP,HP Pavilion Ryzen 5 Hexa Core 5500U ,16GB,512GB SSD,AMD Ryzen 5,Mid Range Laptop,AMD,Solid State Drive,59990,Flipkart.com
600,HP,HP Pavilion Gaming Ryzen 5 Hexa Core 5600H ,8GB,512GB SSD,AMD Ryzen 5,Mid Range Laptop,AMD,Solid State Drive,59990,Flipkart.com
601,HP,HP Core i3 11th Gen ,8GB,512GB SSD,Intel Core i3,Budget Laptop,Intel,Solid State Drive,41990,Flipkart.com
602,HP,HP Pavilion x360 Core i3 11th Gen ,8GB,256GB SSD,Intel Core i3,Mid Range Laptop,Intel,Solid State Drive,50990,Flipkart.com
603,HP,HP Core i5 11th Gen ,8GB,512GB SSD,Intel Core i5,Mid Range Laptop,Intel,Solid State Drive,52990,Flipkart.com
604,HP,HP Pavilion Gaming Core i5 11th Gen ,8GB,1TB HDD + 256GB SSD,Intel Core i5,Mid Range Laptop,Intel,Hard Disk Drive & Solid State Drive,66990,Flipkart.com
605,HP,HP Ryzen 3 Dual Core ,8GB,1TB HDD,AMD Ryzen 3,Budget Laptop,AMD,Hard Disk Drive,29790,Flipkart.com
606,HP,HP Pavilion Ryzen 5 Hexa Core 5600H ,8GB,512GB SSD,AMD Ryzen 5,Mid Range Laptop,AMD,Solid State Drive,61490,Flipkart.com
607,HP,HP Pavilion x360 Convertible Core i7 11th Gen ,16GB,512GB SSD,Intel Core i7,High End Laptop,Intel,Solid State Drive,85190,Flipkart.com
608,HP,HP Ryzen 3 Hexa Core 4th Gen ,8GB,512GB SSD,AMD Ryzen 3,Mid Range Laptop,AMD,Solid State Drive,63590,Flipkart.com
609,HP,HP Pavilion Core i5 11th Gen ,8GB,512GB SSD,Intel Core i5,Mid Range Laptop,Intel,Solid State Drive,62990,Flipkart.com
610,HP,HP Core i5 12th Gen ,8GB,512GB SSD,Intel Core i5,Mid Range Laptop,Intel,Solid State Drive,57390,Flipkart.com
611,HP,HP 15s Core i3 11th Gen ,8GB,512GB SSD,Intel Core i3,Budget Laptop,Intel,Solid State Drive,41450,Flipkart.com
612,HP,HP Pavilion Core i5 11th Gen ,16GB,512GB SSD,Intel Core i5,Mid Range Laptop,Intel,Solid State Drive,65990,Flipkart.com
613,HP,HP Pavilion Ryzen 5 Hexa Core 5500U ,8GB,512GB SSD,AMD Ryzen 5,Mid Range Laptop,AMD,Solid State Drive,54999,Flipkart.com
614,HP,HP Core i3 11th Gen ,8GB,512GB SSD,Intel Core i3,Budget Laptop,Intel,Solid State Drive,39990,Flipkart.com
615,HP,HP Pavilion Gaming Ryzen 7 Octa Core 4800H ,16GB,1TB HDD + 256GB SSD,AMD Ryzen 7,High End Laptop,AMD,Hard Disk Drive & Solid State Drive,78990,Flipkart.com
616,HP,HP Pavilion Ryzen 5 Hexa Core 5625U ,16GB,512GB SSD,AMD Ryzen 5,Mid Range Laptop,AMD,Solid State Drive,59999,Flipkart.com
617,HP,HP Pavilion x360 Core i3 10th Gen ,8GB,256GB SSD,Intel Core i3,Budget Laptop,Intel,Solid State Drive,47890,Flipkart.com
618,HP,HP Ryzen 5 Quad Core 3500U 3rd Gen ,8GB,1TB HDD,AMD Ryzen 5,Budget Laptop,AMD,Hard Disk Drive,37290,Flipkart.com
619,HP,HP OMEN 15 Ryzen 7 Octa Core 5800H ,16GB,1TB SSD,AMD Ryzen 7,High End Laptop,AMD,Solid State Drive,158490,Flipkart.com
620,HP,HP Pavilion x360 Core i3 10th Gen ,8GB,256GB SSD,Intel Core i3,Budget Laptop,Intel,Solid State Drive,47890,Flipkart.com
621,HP,HP 15s Core i5 11th Gen ,8GB,1TB HDD,Intel Core i5,Mid Range Laptop,Intel,Hard Disk Drive,56490,Flipkart.com
622,HP,HP Core i5 12th Gen ,8GB,512GB SSD,Intel Core i5,Mid Range Laptop,Intel,Solid State Drive,58990,Flipkart.com
623,HP,HP Core i3 10th Gen ,8GB,512GB SSD,Intel Core i3,Budget Laptop,Intel,Solid State Drive,42990,Flipkart.com
624,HP,HP HP Pavilion Core i5 11th Gen ,16GB,512GB SSD,Intel Core i5,High End Laptop,Intel,Solid State Drive,71990,Flipkart.com
625,HP,HP 15s Core i3 11th Gen ,8GB,1TB HDD,Intel Core i3,Budget Laptop,Intel,Hard Disk Drive,43490,Flipkart.com
626,HP,HP 15 Core i3 6th Gen ,4GB,1TB HDD,Intel Core i3,Budget Laptop,Intel,Hard Disk Drive,34881,Flipkart.com
627,HP,HP Ryzen 3 Dual Core ,8GB,512GB SSD,AMD Ryzen 3,Budget Laptop,AMD,Solid State Drive,39000,Flipkart.com
628,HP,HP 14s Core i3 11th Gen ,8GB,256GB SSD,Intel Core i3,Budget Laptop,Intel,Solid State Drive,42490,Flipkart.com
629,HP,HP Pavilion Core i5 12th Gen ,8GB,512GB SSD,Intel Core i5,Mid Range Laptop,Intel,Solid State Drive,64900,Flipkart.com
630,HP,HP 14s Core i3 11th Gen ,8GB,256GB SSD,Intel Core i3,Budget Laptop,Intel,Solid State Drive,42290,Flipkart.com
631,HP,HP 14s Core i5 10th Gen ,8GB,512GB SSD,Intel Core i5,Mid Range Laptop,Intel,Solid State Drive,55990,Flipkart.com
632,HP,HP Pavilion Core i7 11th Gen ,16GB,512GB SSD,Intel Core i7,High End Laptop,Intel,Solid State Drive,85190,Flipkart.com
633,HP,HP Pavilion Ryzen 5 Hexa Core 5625U ,16GB,512GB SSD,AMD Ryzen 5,Mid Range Laptop,AMD,Solid State Drive,62900,Flipkart.com
634,HP,HP 14s Core i3 10th Gen ,8GB,512GB SSD,Intel Core i3,Budget Laptop,Intel,Solid State Drive,49490,Flipkart.com
635,HP,HP Pavilion Gaming Ryzen 5 Quad Core 3550H ,8GB,512GB SSD,AMD Ryzen 5,Mid Range Laptop,AMD,Solid State Drive,59990,Flipkart.com
636,HP,HP Core i5 11th Gen ,8GB,512GB SSD,Intel Core i5,Mid Range Laptop,Intel,Solid State Drive,61990,Flipkart.com
637,HP,HP Core i5 11th Gen ,8GB,512GB SSD,Intel Core i5,Mid Range Laptop,Intel,Solid State Drive,57990,Flipkart.com
638,HP,HP 15s Ryzen 5 Hexa Core 4500U ,8GB,256GB SSD,AMD Ryzen 5,Budget Laptop,AMD,Solid State Drive,45990,Flipkart.com
639,HP,HP 15s Ryzen 5 Quad Core 3500U ,8GB,512GB SSD,AMD Ryzen 5,Budget Laptop,AMD,Solid State Drive,46990,Flipkart.com
640,HP,HP Pavilion x360 Convertible Core i3 11th Gen ,8GB,512GB SSD,Intel Core i3,Mid Range Laptop,Intel,Solid State Drive,55490,Flipkart.com
641,HP,HP Pavilion Gaming Core i5 11th Gen ,16GB,512GB SSD,Intel Core i5,High End Laptop,Intel,Solid State Drive,70990,Flipkart.com
642,HP,HP Pavilion Gaming Ryzen 7 Octa Core 5800H ,16GB,512GB SSD,AMD Ryzen 7,High End Laptop,AMD,Solid State Drive,79990,Flipkart.com
643,Dell,DELL Vostro Core i3 10th Gen ,8GB,512GB SSD,Intel Core i3,Budget Laptop,Intel,Solid State Drive,43390,Flipkart.com
644,Dell,DELL Vostro Ryzen 3 Dual Core R3,8GB,1TB HDD,AMD Ryzen 3,Budget Laptop,AMD,Hard Disk Drive,35000,Flipkart.com
645,Dell,DELL Inspiron Athlon Dual Core 3050U ,8GB,256GB SSD,AMD Athlon,Budget Laptop,AMD,Solid State Drive,33290,Flipkart.com
646,Dell,DELL Inspiron Ryzen 3 Dual Core 3250U ,8GB,256GB SSD,AMD Ryzen 3,Budget Laptop,AMD,Solid State Drive,37799,Flipkart.com
647,Dell,DELL Vostro Core i3 11th Gen ,8GB,256GB SSD,Intel Core i3,Budget Laptop,Intel,Solid State Drive,42390,Flipkart.com
648,Dell,DELL Vostro Core i3 10th Gen ,8GB,1TB HDD + 256GB SSD,Intel Core i3,Budget Laptop,Intel,Hard Disk Drive & Solid State Drive,41490,Flipkart.com
649,Dell,DELL Inspiron Pentium Silver ,8GB,256GB SSD,Intel Pentium,Budget Laptop,Intel,Solid State Drive,33390,Flipkart.com
650,Dell,DELL Ryzen 3 Dual Core 3250U ,8GB,1TB HDD + 256GB SSD,AMD Ryzen 3,Budget Laptop,AMD,Hard Disk Drive & Solid State Drive,41290,Flipkart.com
651,Dell,DELL Vostro Core i5 11th Gen ,8GB,1TB HDD + 256GB SSD,Intel Core i5,Mid Range Laptop,Intel,Hard Disk Drive & Solid State Drive,57390,Flipkart.com
652,Dell,DELL Inspiron Core i3 11th Gen ,8GB,256GB SSD,Intel Core i3,Mid Range Laptop,Intel,Solid State Drive,55190,Flipkart.com
653,Dell,DELL Vostro Core i3 11th Gen ,4GB,1TB HDD + 256GB SSD,Intel Core i3,Budget Laptop,Intel,Hard Disk Drive & Solid State Drive,43090,Flipkart.com
654,Dell,DELL Core i3 10th Gen ,8GB,1TB HDD + 256GB SSD,Intel Core i3,Budget Laptop,Intel,Hard Disk Drive & Solid State Drive,42890,Flipkart.com
655,Dell,DELL Inspiron Core i5 11th Gen ,16GB,512GB SSD,Intel Core i5,Mid Range Laptop,Intel,Solid State Drive,69590,Flipkart.com
656,Dell,DELL Inspiron Core i3 10th Gen ,8GB,256GB SSD,Intel Core i3,Budget Laptop,Intel,Solid State Drive,43590,Flipkart.com
657,Dell,DELL Inspiron Ryzen 3 Dual Core 3250U ,8GB,256GB SSD,AMD Ryzen 3,Budget Laptop,AMD,Solid State Drive,39490,Flipkart.com
658,Dell,DELL Inspiron Ryzen 3 Dual Core 3250U ,8GB,1TB HDD + 256GB SSD,AMD Ryzen 3,Budget Laptop,AMD,Hard Disk Drive & Solid State Drive,44390,Flipkart.com
659,Dell,DELL Inspiron Ryzen 3 Dual Core 3250U ,8GB,256GB SSD,AMD Ryzen 3,Budget Laptop,AMD,Solid State Drive,39990,Flipkart.com
660,Dell,DELL Vostro Core i3 11th Gen ,8GB,256GB SSD,Intel Core i3,Budget Laptop,Intel,Solid State Drive,40490,Flipkart.com
661,Dell,DELL Vostro Ryzen 5 Quad Core R5,8GB,256GB SSD,AMD Ryzen 5,Budget Laptop,AMD,Solid State Drive,40790,Flipkart.com
662,Dell,DELL Vostro Core i3 11th Gen ,8GB,256GB SSD,Intel Core i3,Budget Laptop,Intel,Solid State Drive,43090,Flipkart.com
663,Dell,DELL Vostro Core i3 11th Gen ,8GB,1TB HDD,Intel Core i3,Budget Laptop,Intel,Hard Disk Drive,41490,Flipkart.com
664,Dell,DELL Inspiron Core i3 11th Gen ,8GB,256GB SSD,Intel Core i3,Budget Laptop,Intel,Solid State Drive,42190,Flipkart.com
665,Dell,DELL Ryzen 5 Hexa Core 5600H ,8GB,512GB SSD,AMD Ryzen 5,High End Laptop,AMD,Solid State Drive,70990,Flipkart.com
666,Dell,DELL Inspiron Core i5 11th Gen ,16GB,512GB SSD,Intel Core i5,High End Laptop,Intel,Solid State Drive,76090,Flipkart.com
667,Dell,DELL Vostro Core i3 10th Gen ,8GB,512GB SSD,Intel Core i3,Budget Laptop,Intel,Solid State Drive,40990,Flipkart.com
668,Dell,DELL Inspiron Ryzen 5 Dual Core 3450U ,8GB,512GB SSD,AMD Ryzen 5,Budget Laptop,AMD,Solid State Drive,47490,Flipkart.com
669,Dell,DELL Vostro Core i3 11th Gen ,8GB,256GB SSD,Intel Core i3,Budget Laptop,Intel,Solid State Drive,42890,Flipkart.com
670,Dell,DELL Vostro Core i3 10th Gen ,4GB,1TB HDD + 256GB SSD,Intel Core i3,Budget Laptop,Intel,Hard Disk Drive & Solid State Drive,44490,Flipkart.com
671,Dell,DELL Inspiron Core i3 11th Gen ,8GB,1TB HDD,Intel Core i3,Budget Laptop,Intel,Hard Disk Drive,40990,Flipkart.com
672,Dell,DELL Vostro Core i3 11th Gen ,8GB,1TB HDD,Intel Core i3,Budget Laptop,Intel,Hard Disk Drive,42390,Flipkart.com
673,Dell,DELL Inspiron Ryzen 3 Dual Core 3250U ,8GB,1TB HDD,AMD Ryzen 3,Budget Laptop,AMD,Hard Disk Drive,38990,Flipkart.com
674,Dell,DELL INSPIRON Core i3 10th Gen ,8GB,1TB HDD,Intel Core i3,Budget Laptop,Intel,Hard Disk Drive,42690,Flipkart.com
675,Dell,DELL Vostro Core i3 10th Gen ,8GB,512GB SSD,Intel Core i3,Budget Laptop,Intel,Solid State Drive,43290,Flipkart.com
676,Dell,DELL Vostro Ryzen 5 Hexa Core 5500U ,8GB,512GB SSD,AMD Ryzen 5,Mid Range Laptop,AMD,Solid State Drive,55990,Flipkart.com
677,Dell,DELL Core i3 11th Gen ,8GB,512GB SSD,Intel Core i3,Mid Range Laptop,Intel,Solid State Drive,60690,Flipkart.com
678,Dell,DELL Inspiron Core i5 11th Gen ,8GB,512GB SSD,Intel Core i5,Mid Range Laptop,Intel,Solid State Drive,64290,Flipkart.com
679,Dell,DELL Inspiron Core i3 10th Gen ,4GB,256GB SSD,Intel Core i3,Budget Laptop,Intel,Solid State Drive,39890,Flipkart.com
680,Dell,DELL Vostro Core i3 10th Gen ,4GB,256GB SSD,Intel Core i3,Budget Laptop,Intel,Solid State Drive,36057,Flipkart.com
681,Dell,DELL Ryzen 5 Hexa Core 5600H ,16GB,512GB SSD,AMD Ryzen 5,High End Laptop,AMD,Solid State Drive,75990,Flipkart.com
682,Dell,DELL Inspiron Core i5 11th Gen ,4GB,1TB HDD + 256GB SSD,Intel Core i5,Mid Range Laptop,Intel,Hard Disk Drive & Solid State Drive,56590,Flipkart.com
683,Dell,DELL Inspiron Core i3 10th Gen ,8GB,1TB HDD,Intel Core i3,Budget Laptop,Intel,Hard Disk Drive,39390,Flipkart.com
684,Dell,DELL Core i5 11th Gen ,16GB,512GB SSD,Intel Core i5,High End Laptop,Intel,Solid State Drive,85990,Flipkart.com
685,Dell,DELL Inspiron Ryzen 5 Quad Core 3450U ,8GB,256GB SSD,AMD Ryzen 5,Budget Laptop,AMD,Solid State Drive,44390,Flipkart.com
686,Dell,DELL Vostro Core i5 11th Gen ,8GB,1TB HDD,Intel Core i5,Mid Range Laptop,Intel,Hard Disk Drive,54790,Flipkart.com
687,Dell,DELL Inspiron Core i5 11th Gen ,8GB,512GB SSD,Intel Core i5,High End Laptop,Intel,Solid State Drive,72490,Flipkart.com
688,Dell,DELL Inspiron Core i3 10th Gen ,8GB,256GB SSD,Intel Core i3,Budget Laptop,Intel,Solid State Drive,44190,Flipkart.com
689,Dell,DELL Inspiron Ryzen 7 Octa Core 5825U ,8GB,512GB SSD,AMD Ryzen 7,Mid Range Laptop,AMD,Solid State Drive,66190,Flipkart.com
690,Dell,DELL Inspiron Ryzen 5 Quad Core 3450U ,8GB,256GB SSD,AMD Ryzen 5,Budget Laptop,AMD,Solid State Drive,49613,Flipkart.com
